Protein IDs,142_1,142_2,142_3,17_1,17_2,17_3,No Bait_1,No Bait_2,No Bait_3
sp|A0JLT2|MED19_HUMAN,0,8.26E+04,0,0,0,0,0,0,0
sp|A2RTX5|SYTC2_HUMAN,0,0,0,0,9.79E+03,8.07E+03,0,0,0
sp|A6NHQ2|FBLL1_HUMAN,1.83E+05,1.98E+05,0,1.67E+05,0,0,0,0,8.74E+04
sp|A6NKT7|RGPD3_HUMAN,0,0,0,0,0,0,0,0,8.34E+03
sp|A8K2U0|A2ML1_HUMAN,0,0,0,0,0,0,0,1.07E+04,0
sp|P62308|RUXG_HUMAN,7.84E+06,9.87E+06,6.81E+06,3.46E+06,3.86E+06,0,0,7.67E+06,9.81E+06
sp|P00761|TRYP_PIG,2.02E+08,2.53E+08,2.81E+07,3.46E+08,3.69E+07,3.04E+07,1.21E+07,2.05E+08,1.76E+08
sp|Q13765|NACA_HUMAN,6.95E+05,6.36E+05,0,3.91E+05,0,0,0,7.31E+05,6.14E+05
sp|E9PRG8|CK098_HUMAN,5.55E+06,6.56E+06,0,9.55E+06,0,0,0,2.17E+06,4.57E+06
sp|O00148|DX39A_HUMAN,7.68E+04,0,0,0,8.67E+04,0,0,0,7.46E+04
sp|O00161|SNP23_HUMAN,0,4.29E+04,0,8.63E+04,0,0,0,4.15E+04,0
sp|O00178|GTPB1_HUMAN,1.40E+05,4.05E+04,0,9.27E+04,0,0,0,3.08E+04,0
sp|O00231|PSD11_HUMAN,3.71E+05,1.86E+05,1.39E+06,7.00E+06,2.35E+05,2.49E+05,9.72E+04,4.60E+05,8.75E+05
sp|O00232|PSD12_HUMAN,6.43E+04,0,0,0,0,0,0,3.30E+04,0
sp|O00267|SPT5H_HUMAN,7.42E+04,0,0,0,0,3.60E+04,0,1.54E+05,0
sp|O00303|EIF3F_HUMAN,9.08E+05,3.82E+05,0,3.37E+05,0,0,0,6.05E+05,3.26E+05
sp|O00330|ODPX_HUMAN,1.28E+05,0,0,3.68E+04,0,0,0,5.05E+04,3.01E+04
sp|O00410|IPO5_HUMAN,0,3.58E+04,0,0,0,0,0,2.05E+04,3.11E+04
sp|O00422|SAP18_HUMAN,2.40E+05,2.51E+05,0,0,0,0,0,4.41E+05,2.31E+06
sp|O00425|IF2B3_HUMAN,1.07E+06,1.43E+06,0,9.81E+05,1.22E+04,1.22E+05,0,5.17E+05,6.40E+05
sp|O00472|ELL2_HUMAN,6.47E+05,2.01E+06,7.92E+04,3.09E+05,1.12E+05,0,6.68E+03,8.43E+04,0
sp|O00483|NDUA4_HUMAN,9.34E+05,0,0,5.83E+05,0,0,0,4.39E+05,1.02E+06
sp|O00487|PSDE_HUMAN,1.01E+05,7.64E+04,0,0,0,0,0,5.47E+04,0
sp|O00541|PESC_HUMAN,0,3.32E+04,0,0,0,0,0,0,0
sp|O00567|NOP56_HUMAN,8.15E+04,3.40E+04,0,1.56E+05,0,0,0,1.30E+05,7.13E+04
sp|O00571|DDX3X_HUMAN,1.96E+06,2.18E+06,1.22E+05,2.24E+06,3.72E+04,5.31E+05,0,1.17E+06,1.57E+06
sp|O00629|IMA3_HUMAN,0,0,0,0,0,0,0,0,5.71E+04
sp|O14579|COPE_HUMAN,7.24E+04,4.34E+04,0,0,0,0,0,0,6.70E+04
sp|O14654|IRS4_HUMAN,2.22E+04,2.26E+04,0,2.85E+04,0,0,0,1.21E+04,0
sp|O14776|TCRG1_HUMAN,3.25E+05,1.89E+05,0,4.70E+05,0,0,0,8.72E+05,5.70E+05
sp|O14925|TIM23_HUMAN,8.77E+04,1.55E+05,0,7.96E+04,0,0,0,0,9.45E+04
sp|O14929|HAT1_HUMAN,0,0,0,0,0,0,0,0,0
sp|P19105|ML12A_HUMAN,9.36E+04,1.29E+05,0,2.41E+05,0,0,0,0,0
sp|O14979|HNRDL_HUMAN,3.88E+05,2.70E+05,0,5.37E+05,0,4.67E+05,0,5.41E+05,5.97E+05
sp|O15042|SR140_HUMAN,1.85E+05,9.25E+04,0,3.99E+05,2.82E+03,1.47E+05,0,5.66E+05,1.76E+05
sp|O15160|RPAC1_HUMAN,0,6.69E+04,0,5.28E+04,3.04E+04,5.35E+04,0,6.78E+04,0
sp|O15226|NKRF_HUMAN,5.54E+05,3.34E+05,0,4.94E+05,0,2.02E+05,0,2.63E+05,3.22E+05
sp|O15294|OGT1_HUMAN,1.93E+05,1.57E+05,0,8.30E+04,0,0,0,1.12E+05,1.20E+05
sp|O15371|EIF3D_HUMAN,2.29E+05,1.80E+05,0,2.52E+05,0,0,0,2.11E+05,2.61E+05
sp|O15372|EIF3H_HUMAN,3.69E+05,3.72E+05,5.21E+03,2.51E+05,2.27E+04,4.63E+05,0,3.09E+05,2.40E+05
sp|O15514|RPB4_HUMAN,0,9.96E+04,0,1.57E+05,0,0,0,0,0
sp|O43143|DHX15_HUMAN,1.75E+06,1.70E+06,8.32E+03,2.97E+06,0,0,0,1.25E+06,4.41E+05
sp|O43172|PRP4_HUMAN,1.69E+06,6.64E+05,3.34E+05,1.01E+06,2.68E+04,2.18E+05,1.21E+05,2.23E+06,1.50E+06
sp|O43175|SERA_HUMAN,0,5.17E+04,0,4.93E+04,0,0,0,0,6.82E+04
sp|O43242|PSMD3_HUMAN,7.06E+04,3.39E+04,0,6.89E+04,0,0,0,7.44E+04,1.47E+04
sp|O43251|RFOX2_HUMAN,0,0,0,6.76E+05,0,0,0,3.94E+05,2.17E+05
sp|O43290|SNUT1_HUMAN,1.08E+06,5.61E+05,0,1.24E+06,6.20E+03,5.13E+04,0,9.97E+05,2.87E+05
sp|O43324|MCA3_HUMAN,1.37E+06,1.27E+06,0,2.33E+06,9.29E+05,7.16E+05,2.76E+05,1.12E+06,8.62E+05
sp|O43347|MSI1H_HUMAN,6.08E+05,2.44E+06,8.78E+05,1.21E+06,6.02E+05,0,0,9.82E+05,1.90E+06
sp|O43390|HNRPR_HUMAN,1.39E+06,2.13E+06,9.72E+05,2.61E+06,9.35E+05,9.04E+05,3.02E+05,1.88E+06,1.89E+06
sp|O43395|PRPF3_HUMAN,2.52E+06,1.82E+06,1.01E+06,3.38E+06,1.40E+06,4.28E+05,9.26E+05,3.69E+06,2.98E+06
sp|O43447|PPIH_HUMAN,6.03E+05,2.33E+05,0,2.55E+05,0,0,0,3.47E+05,2.86E+05
sp|O43491|E41L2_HUMAN,7.77E+05,5.84E+05,0,6.26E+05,2.76E+03,1.42E+05,1.07E+04,9.69E+05,3.88E+05
sp|O43548|TGM5_HUMAN,2.12E+04,0,0,2.12E+04,0,0,0,0,0
sp|O43660|PLRG1_HUMAN,5.69E+05,4.55E+05,0,1.62E+06,5.64E+04,0,1.64E+04,5.47E+05,6.10E+05
sp|O43670|ZN207_HUMAN,0,0,0,0,0,0,0,7.89E+04,1.10E+05
sp|O43684|BUB3_HUMAN,0,3.47E+04,0,2.65E+05,0,0,0,3.24E+05,2.24E+05
sp|O43707|ACTN4_HUMAN,1.80E+05,1.51E+05,0,1.78E+05,0,0,0,2.55E+05,6.39E+04
sp|O43719|HTSF1_HUMAN,8.14E+04,7.25E+04,0,3.68E+04,3.35E+04,3.90E+04,0,9.36E+04,0
sp|O43747|AP1G1_HUMAN,0,0,0,2.05E+04,0,0,0,1.58E+04,2.21E+04
sp|O43809|CPSF5_HUMAN,1.54E+05,5.98E+05,9.12E+04,1.89E+06,2.50E+05,5.12E+04,0,8.88E+04,0
sp|O43815|STRN_HUMAN,0,0,0,0,0,0,0,0,0
sp|O43823|AKAP8_HUMAN,2.57E+05,2.49E+05,0,0,0,2.98E+04,0,7.07E+04,6.06E+04
sp|O60216|RAD21_HUMAN,0,5.98E+04,0,3.31E+04,0,0,0,0,5.19E+04
sp|O60231|DHX16_HUMAN,1.48E+05,7.81E+04,0,1.18E+05,0,0,0,1.03E+05,4.67E+04
sp|O60306|AQR_HUMAN,4.50E+05,3.72E+05,0,4.34E+05,0,0,0,5.77E+05,4.54E+05
sp|O60307|MAST3_HUMAN,0,1.16E+05,2.24E+04,0,1.62E+05,1.19E+04,0,8.61E+03,0
sp|O60341|KDM1A_HUMAN,3.82E+04,1.95E+05,0,6.20E+04,0,0,0,8.30E+04,1.56E+05
sp|O60361|NDK8_HUMAN,1.77E+05,2.35E+05,0,2.91E+05,0,0,0,1.15E+05,5.33E+05
sp|O60506|HNRPQ_HUMAN,5.23E+05,3.25E+05,9.49E+04,1.31E+06,0,2.50E+04,3.33E+05,1.04E+06,2.93E+05
sp|O60508|PRP17_HUMAN,2.08E+05,2.00E+05,0,8.15E+05,0,0,0,5.05E+05,4.52E+05
sp|O60783|RT14_HUMAN,1.42E+06,1.17E+06,0,1.72E+06,0,0,0,1.07E+06,8.76E+05
sp|O60812|HNRC1_HUMAN,0,0,0,0,0,0,0,0,0
sp|Q99879|H2B1M_HUMAN,0,0,0,0,0,0,0,0,0
sp|O60832|DKC1_HUMAN,1.90E+05,1.03E+05,5.01E+04,4.13E+05,2.91E+05,1.75E+05,3.32E+04,1.53E+05,7.80E+04
sp|O60841|IF2P_HUMAN,0,1.51E+04,0,0,0,0,0,1.44E+05,0
sp|O75127|PTCD1_HUMAN,0,0,0,0,0,0,0,0,2.62E+04
sp|O75131|CPNE3_HUMAN,3.38E+07,2.61E+07,8.66E+06,2.61E+07,1.39E+07,2.04E+07,7.00E+06,9.60E+06,1.37E+07
sp|O75152|ZC11A_HUMAN,1.70E+05,1.21E+05,0,4.75E+05,0,3.10E+05,3.99E+03,2.76E+05,1.66E+05
sp|O75153|CLU_HUMAN,8.81E+04,1.17E+04,0,1.75E+04,0,0,0,8.03E+04,0
sp|O75190|DNJB6_HUMAN,8.57E+04,0,0,8.98E+04,0,0,0,3.70E+04,0
sp|O75223|GGCT_HUMAN,0,6.15E+04,0,1.97E+05,0,0,0,2.28E+05,0
sp|O75342|LX12B_HUMAN,0,0,0,0,0,0,0,0,1.92E+04
sp|O75367|H2AY_HUMAN,9.64E+05,1.80E+06,0,2.48E+06,0,0,0,5.73E+05,5.41E+05
sp|O75369|FLNB_HUMAN,3.15E+05,1.88E+05,0,2.85E+05,1.13E+03,7.90E+04,0,4.70E+05,1.36E+05
sp|O75396|SC22B_HUMAN,0,0,0,0,0,0,0,0,0
sp|O75400|PR40A_HUMAN,3.23E+05,5.64E+05,0,8.20E+05,1.21E+05,3.14E+04,5.73E+04,4.54E+05,3.60E+05
sp|O75431|MTX2_HUMAN,1.09E+05,1.09E+05,0,1.04E+05,0,0,0,0,0
sp|O75489|NDUS3_HUMAN,1.65E+05,1.06E+05,0,0,0,0,0,5.68E+04,4.46E+04
sp|O75494|SRS10_HUMAN,1.47E+06,2.37E+06,0,1.41E+06,2.21E+04,0,0,2.02E+05,2.90E+05
sp|O75533|SF3B1_HUMAN,3.12E+06,3.33E+06,5.06E+05,3.22E+06,1.98E+05,6.13E+05,2.11E+05,3.98E+06,3.73E+06
sp|O75534|CSDE1_HUMAN,4.12E+05,3.10E+05,0,1.15E+06,0,0,0,2.48E+06,1.11E+06
sp|O75569|PRKRA_HUMAN,1.33E+06,1.82E+06,0,9.36E+05,0,2.01E+05,0,0,0
sp|O75607|NPM3_HUMAN,1.70E+06,2.01E+06,5.54E+05,1.43E+06,8.65E+05,1.63E+06,1.79E+05,9.83E+05,7.32E+05
sp|O75643|U520_HUMAN,3.32E+06,2.02E+06,3.71E+05,3.17E+06,9.04E+05,5.56E+05,5.08E+05,4.30E+06,3.08E+06
sp|O75688|PPM1B_HUMAN,0,0,0,0,0,0,2.06E+06,0,0
sp|O75781|PALM_HUMAN,0,3.61E+04,0,0,3.59E+04,0,0,0,0
sp|O75817|POP7_HUMAN,1.70E+05,2.14E+05,0,0,0,0,0,0,0
sp|O75821|EIF3G_HUMAN,3.60E+04,0,0,8.55E+04,0,5.65E+04,0,0,0
sp|O75822|EIF3J_HUMAN,0,0,0,0,0,0,0,0,0
sp|O75909|CCNK_HUMAN,1.09E+05,1.94E+04,0,1.40E+05,0,0,0,0,0
sp|O75934|SPF27_HUMAN,2.90E+06,2.81E+06,3.77E+05,4.01E+06,2.35E+06,1.17E+06,1.78E+06,2.30E+06,2.70E+06
sp|O75940|SPF30_HUMAN,5.68E+04,0,0,7.13E+04,0,0,0,8.70E+04,0
sp|O75955|FLOT1_HUMAN,0,0,0,0,0,0,0,2.45E+04,0
sp|O75964|ATP5L_HUMAN,1.30E+05,2.23E+05,0,0,0,0,0,0,0
sp|O76021|RL1D1_HUMAN,2.50E+05,4.68E+05,0,3.70E+05,0,2.58E+04,0,0,2.36E+04
sp|O76031|CLPX_HUMAN,0,1.42E+04,0,0,0,0,0,1.78E+04,0
sp|O76094|SRP72_HUMAN,0,3.66E+04,0,4.35E+04,0,4.57E+04,0,0,0
sp|O94776|MTA2_HUMAN,3.16E+05,4.36E+05,0,2.43E+05,0,0,0,2.67E+05,1.75E+05
sp|O94905|ERLN2_HUMAN,2.42E+05,1.25E+05,0,1.76E+05,0,0,0,2.09E+05,1.47E+05
sp|O94906|PRP6_HUMAN,7.18E+05,6.04E+05,0,8.33E+05,3.21E+03,2.97E+05,0,1.66E+06,8.82E+05
sp|O94913|PCF11_HUMAN,0,1.11E+04,0,7.69E+03,1.48E+03,0,0,0,0
sp|O95104|SFR15_HUMAN,1.97E+04,5.95E+04,0,0,0,0,0,0,0
sp|O95232|LC7L3_HUMAN,1.88E+05,2.10E+05,0,2.30E+05,0,0,0,3.01E+05,7.03E+04
sp|O95319|CELF2_HUMAN,0,6.40E+04,0,0,0,0,0,0,0
sp|O95391|SLU7_HUMAN,1.09E+05,1.24E+05,1.92E+04,1.48E+05,1.36E+04,0,1.69E+04,8.02E+04,5.93E+04
sp|O95400|CD2B2_HUMAN,7.28E+04,0,0,0,0,0,0,6.00E+04,0
sp|O95639|CPSF4_HUMAN,3.29E+05,3.71E+05,0,2.99E+05,0,0,0,2.71E+05,1.85E+05
sp|O95758|PTBP3_HUMAN,2.05E+05,2.57E+05,0,5.91E+04,0,0,0,6.07E+04,6.71E+04
sp|O95782|AP2A1_HUMAN,1.03E+04,2.00E+04,0,0,0,0,0,0,1.14E+05
sp|O95793|STAU1_HUMAN,8.19E+05,9.48E+05,0,5.90E+05,0,0,4.67E+03,2.00E+05,1.17E+05
sp|O95816|BAG2_HUMAN,8.05E+04,0,0,0,0,0,0,0,5.79E+04
sp|O95831|AIFM1_HUMAN,0,5.86E+04,0,1.12E+05,0,0,0,0,0
sp|O95926|SYF2_HUMAN,1.72E+05,2.07E+05,0,2.02E+05,0,0,0,0,0
sp|O96008|TOM40_HUMAN,5.84E+05,9.51E+05,0,3.04E+05,0,4.16E+04,0,8.01E+05,6.39E+05
sp|O96019|ACL6A_HUMAN,0,6.86E+04,0,0,0,0,0,0,0
sp|P00403|COX2_HUMAN,8.51E+05,8.34E+05,0,6.87E+05,0,0,0,8.88E+05,1.10E+06
sp|P00492|HPRT_HUMAN,0,0,0,0,0,0,0,5.50E+04,0
sp|P01040|CYTA_HUMAN,2.26E+05,9.97E+04,0,2.51E+05,0,0,0,6.44E+05,3.19E+05
sp|P01876|IGHA1_HUMAN,0,0,0,0,0,0,0,0,1.53E+05
sp|P02452|CO1A1_HUMAN,0,0,4.68E+04,0,0,0,0,0,0
sp|P02788|TRFL_HUMAN,0,0,0,0,0,0,1.56E+06,7.92E+04,0
sp|P04040|CATA_HUMAN,3.43E+04,0,0,2.09E+04,0,0,0,3.17E+04,6.12E+04
sp|P04259|K2C6B_HUMAN,4.20E+04,5.15E+04,0,1.35E+05,0,0,0,3.65E+05,1.45E+05
sp|P04279|SEMG1_HUMAN,0,0,0,0,0,0,0,0,1.69E+06
sp|P04406|G3P_HUMAN,0,0,0,2.20E+05,0,3.60E+05,0,3.77E+05,0
sp|P19961|AMY2B_HUMAN,0,0,0,0,0,0,0,1.67E+05,0
sp|P04843|RPN1_HUMAN,1.49E+05,4.22E+04,0,2.76E+05,0,0,0,3.10E+05,1.43E+05
sp|P04844|RPN2_HUMAN,7.00E+04,6.67E+04,0,1.28E+05,0,0,0,8.09E+04,6.32E+04
sp|P04899|GNAI2_HUMAN,1.23E+05,0,0,2.64E+05,0,0,0,5.84E+04,7.92E+04
sp|P05023|AT1A1_HUMAN,1.49E+04,4.25E+04,0,6.47E+04,0,0,0,0,0
sp|P05089|ARGI1_HUMAN,2.26E+05,4.32E+05,0,5.25E+05,0,0,0,3.92E+06,2.58E+05
sp|P05109|S10A8_HUMAN,3.24E+05,0,0,0,0,0,0,1.12E+06,4.40E+05
sp|P05141|ADT2_HUMAN,7.85E+05,2.56E+06,2.44E+05,1.42E+06,4.98E+05,5.80E+05,4.46E+05,6.16E+05,6.71E+05
sp|P05198|IF2A_HUMAN,4.86E+05,4.23E+05,0,2.28E+05,0,0,0,2.65E+05,9.49E+04
sp|P05387|RLA2_HUMAN,1.42E+06,4.76E+05,0,1.61E+06,0,0,0,4.80E+05,1.86E+06
sp|P05388|RLA0_HUMAN,1.90E+06,2.65E+06,2.13E+06,1.71E+06,2.27E+06,2.87E+06,8.39E+05,2.15E+06,1.85E+06
sp|P05455|LA_HUMAN,4.42E+05,8.41E+05,3.94E+03,3.31E+05,0,1.26E+05,0,1.98E+05,0
sp|P05783|K1C18_HUMAN,0,0,0,0,0,0,0,0,2.36E+04
sp|P06493|CDK1_HUMAN,5.86E+05,5.49E+05,0,3.22E+05,0,0,0,5.01E+05,1.54E+05
sp|P06576|ATPB_HUMAN,6.60E+05,1.27E+05,0,3.09E+05,0,0,0,3.14E+05,2.29E+05
sp|P06702|S10A9_HUMAN,0,0,0,3.54E+05,0,0,0,1.27E+05,2.99E+05
sp|P06730|IF4E_HUMAN,2.38E+05,2.07E+05,0,1.35E+05,0,0,0,2.22E+05,7.29E+04
sp|P06748|NPM_HUMAN,2.52E+07,5.07E+07,3.86E+07,5.19E+06,3.33E+06,1.82E+06,0,2.96E+05,3.24E+05
sp|Q16778|H2B2E_HUMAN,0,0,0,0,0,0,0,0,0
sp|P07196|NFL_HUMAN,9.09E+04,1.24E+05,0,9.47E+04,0,2.61E+04,0,7.64E+04,1.83E+05
sp|P07197|NFM_HUMAN,6.94E+04,7.49E+04,5.02E+03,9.10E+04,1.99E+04,4.52E+04,9.32E+03,7.92E+04,6.33E+04
sp|P07237|PDIA1_HUMAN,4.60E+04,0,0,0,0,0,0,0,0
sp|P07305|H10_HUMAN,4.02E+05,2.64E+06,0,1.20E+06,9.68E+04,7.13E+04,0,2.58E+05,2.52E+05
sp|P07339|CATD_HUMAN,5.48E+06,0,0,6.98E+04,0,8.69E+04,0,9.30E+04,3.69E+04
sp|P07355|ANXA2_HUMAN,6.11E+04,5.33E+04,2.03E+04,6.03E+05,3.43E+04,0,0,7.50E+05,2.25E+05
sp|P07437|TBB5_HUMAN,8.62E+05,0,0,6.22E+05,0,0,0,4.67E+05,7.56E+05
sp|P07741|APT_HUMAN,8.41E+04,9.71E+04,0,0,0,0,0,0,0
sp|P07814|SYEP_HUMAN,3.03E+05,3.11E+05,0,7.38E+05,1.66E+03,2.18E+04,0,4.72E+05,3.02E+05
sp|P07900|HS90A_HUMAN,1.46E+06,5.22E+05,0,9.05E+05,0,2.32E+06,0,1.56E+06,7.60E+05
sp|P07910|HNRPC_HUMAN,5.26E+07,9.02E+07,2.56E+07,5.95E+07,1.76E+07,4.92E+07,1.40E+07,3.84E+07,4.85E+07
sp|P12931|SRC_HUMAN,0,7.29E+04,0,3.45E+04,0,0,0,0,0
sp|P08133|ANXA6_HUMAN,2.16E+05,3.42E+05,0,2.95E+05,0,2.86E+04,0,1.08E+06,2.77E+05
sp|P08174|DAF_HUMAN,6.35E+05,6.68E+05,0,3.06E+05,1.88E+04,2.81E+04,0,2.52E+05,0
sp|P08238|HS90B_HUMAN,5.21E+06,3.04E+06,1.84E+05,3.90E+06,1.12E+06,2.20E+06,3.39E+05,4.42E+06,2.07E+06
sp|P08559|ODPA_HUMAN,0,0,0,0,0,0,0,0,6.67E+04
sp|P08579|RU2B_HUMAN,1.58E+06,1.50E+06,1.65E+04,8.67E+05,2.92E+04,1.48E+06,0,1.74E+06,1.84E+06
sp|P08621|RU17_HUMAN,9.53E+05,2.31E+06,1.44E+06,3.33E+05,0,0,0,4.81E+04,1.84E+05
sp|P08670|VIME_HUMAN,2.00E+07,3.01E+07,8.37E+06,2.12E+07,1.20E+07,1.07E+07,2.12E+07,1.73E+07,3.75E+07
sp|P08708|RS17_HUMAN,6.18E+06,3.83E+06,0,1.02E+07,4.77E+06,0,0,4.69E+06,4.72E+06
sp|P08754|GNAI3_HUMAN,9.29E+04,4.05E+05,0,6.72E+05,0,3.54E+05,0,3.46E+05,4.71E+05
sp|P08865|RSSA_HUMAN,4.36E+05,5.36E+05,0,9.17E+05,3.44E+04,0,0,4.81E+05,6.33E+05
sp|P09012|SNRPA_HUMAN,3.97E+06,5.85E+06,3.28E+06,7.27E+05,1.42E+04,0,0,6.43E+05,5.71E+05
sp|P09234|RU1C_HUMAN,3.43E+05,1.99E+06,3.34E+04,0,0,0,0,1.67E+05,0
sp|P09651|ROA1_HUMAN,7.14E+07,8.47E+07,5.12E+07,4.68E+07,4.14E+07,1.87E+07,2.50E+07,2.83E+07,3.15E+07
sp|P09661|RU2A_HUMAN,1.45E+06,7.55E+05,0,1.49E+06,0,0,0,4.36E+06,2.08E+06
sp|P09874|PARP1_HUMAN,1.58E+04,0,0,4.68E+04,0,0,0,9.93E+04,0
sp|P09884|DPOLA_HUMAN,1.37E+04,0,0,0,0,0,0,0,0
sp|Q71UI9|H2AV_HUMAN,1.73E+07,2.50E+07,6.61E+06,1.29E+07,2.24E+07,1.50E+07,3.48E+06,5.27E+06,1.11E+07
sp|Q99878|H2A1J_HUMAN,0,0,0,0,0,0,0,0,0
sp|P0DMV9|HS71B_HUMAN,4.72E+05,6.35E+05,1.29E+05,8.33E+05,1.24E+05,5.50E+04,1.34E+05,8.31E+05,5.09E+05
sp|P0DN76|U2AF5_HUMAN,4.55E+06,7.80E+06,3.11E+06,1.74E+07,6.96E+06,1.24E+06,7.96E+06,1.50E+07,1.25E+07
sp|P0DN79|CBSL_HUMAN,3.05E+04,0,0,0,0,0,0,5.22E+04,0
sp|P0DP25|CALM3_HUMAN,6.73E+04,1.73E+05,0,1.13E+05,0,0,0,0,0
sp|Q9Y3L5|RAP2C_HUMAN,6.35E+04,0,0,0,0,0,0,5.09E+04,0
sp|P10412|H14_HUMAN,3.96E+06,4.12E+06,3.50E+06,6.84E+06,7.47E+06,1.39E+07,1.07E+06,2.73E+06,4.02E+06
sp|P10515|ODP2_HUMAN,1.39E+06,1.90E+06,2.45E+05,1.25E+06,1.15E+05,5.66E+05,0,1.66E+06,6.43E+05
sp|P10599|THIO_HUMAN,0,1.83E+05,0,7.94E+05,2.04E+05,0,0,1.69E+05,0
sp|P10809|CH60_HUMAN,1.09E+06,7.83E+05,0,1.45E+06,0,4.85E+04,0,1.57E+06,7.46E+05
sp|P11021|BIP_HUMAN,2.57E+05,3.22E+05,0,5.86E+05,0,0,0,4.99E+05,6.49E+05
sp|P11142|HSP7C_HUMAN,2.30E+06,1.67E+06,0,2.17E+06,0,0,0,2.74E+06,1.71E+06
sp|P11171|41_HUMAN,9.63E+04,7.19E+04,0,1.02E+05,0,3.06E+04,0,1.21E+05,8.72E+04
sp|P11234|RALB_HUMAN,6.21E+04,0,0,0,0,0,0,0,0
sp|P11387|TOP1_HUMAN,0,0,0,0,0,0,0,5.91E+04,0
sp|P11940|PABP1_HUMAN,2.69E+06,2.71E+06,1.42E+06,2.19E+06,8.22E+05,2.79E+06,5.29E+05,1.38E+06,1.96E+06
sp|P12004|PCNA_HUMAN,7.26E+05,4.15E+05,0,3.04E+05,0,0,0,5.83E+05,1.43E+05
sp|P12236|ADT3_HUMAN,2.33E+05,3.58E+05,8.03E+04,3.21E+05,1.93E+05,0,1.12E+05,2.27E+05,1.04E+05
sp|P12270|TPR_HUMAN,1.52E+05,2.76E+05,0,2.76E+05,0,1.20E+03,0,2.25E+05,4.87E+05
sp|P12273|PIP_HUMAN,2.28E+05,1.81E+05,0,9.67E+05,0,0,1.36E+07,2.82E+05,3.25E+05
sp|P12532|KCRU_HUMAN,0,0,0,2.16E+05,0,0,0,1.71E+05,3.60E+04
sp|P12956|XRCC6_HUMAN,9.14E+05,3.59E+05,0,5.92E+05,0,0,0,1.32E+06,4.84E+05
sp|P13010|XRCC5_HUMAN,2.95E+05,3.01E+05,0,4.83E+05,0,3.54E+03,0,6.59E+05,1.99E+05
sp|P13489|RINI_HUMAN,7.32E+04,0,0,0,2.79E+04,1.38E+04,0,0,0
sp|P13639|EF2_HUMAN,0,0,0,6.34E+04,0,0,0,2.95E+04,6.15E+04
sp|P13674|P4HA1_HUMAN,6.93E+04,3.53E+04,0,4.11E+04,0,0,0,0,0
sp|P13861|KAP2_HUMAN,6.97E+05,1.89E+05,0,4.22E+05,0,1.56E+05,0,4.25E+05,2.47E+05
sp|P13987|CD59_HUMAN,9.09E+04,1.66E+06,0,3.00E+06,0,0,0,2.55E+06,4.14E+06
sp|P14373|TRI27_HUMAN,1.55E+05,1.05E+05,0,0,0,0,0,9.13E+04,0
sp|P14406|CX7A2_HUMAN,0,0,0,0,0,0,0,3.14E+05,3.47E+05
sp|P14618|KPYM_HUMAN,2.82E+04,0,0,1.04E+05,0,0,0,7.14E+04,5.43E+04
sp|P14625|ENPL_HUMAN,4.52E+05,3.13E+05,0,2.49E+05,0,7.95E+04,0,5.11E+05,8.76E+04
sp|P63162|RSMN_HUMAN,2.82E+06,4.27E+06,9.53E+05,6.16E+05,0,0,0,7.69E+05,4.80E+05
sp|P14866|HNRPL_HUMAN,3.08E+06,1.87E+06,0,2.18E+06,5.93E+03,3.37E+05,0,2.33E+06,1.80E+06
sp|P14868|SYDC_HUMAN,1.97E+05,1.18E+05,0,8.87E+05,0,3.43E+05,0,4.02E+05,1.48E+05
sp|P14923|PLAK_HUMAN,1.49E+05,1.39E+05,6.28E+03,6.48E+05,1.11E+05,3.03E+05,0,8.27E+05,2.01E+05
sp|P15170|ERF3A_HUMAN,0,0,0,0,0,0,0,6.18E+04,0
sp|P15880|RS2_HUMAN,1.63E+06,3.21E+06,1.03E+06,4.21E+06,1.61E+06,1.10E+04,1.72E+04,7.98E+05,1.05E+06
sp|P15924|DESP_HUMAN,7.50E+04,1.09E+05,0,1.87E+05,0,2.07E+05,0,5.27E+05,6.77E+04
sp|P15927|RFA2_HUMAN,2.10E+05,1.48E+05,0,1.38E+05,0,0,0,1.57E+05,1.69E+05
sp|P16104|H2AX_HUMAN,4.45E+06,2.01E+06,9.63E+05,7.81E+06,1.47E+06,1.87E+06,6.70E+05,1.79E+06,1.57E+06
sp|P16402|H13_HUMAN,6.98E+06,8.42E+06,2.69E+06,1.03E+07,6.86E+06,3.53E+06,8.51E+05,3.66E+06,3.41E+06
sp|P16403|H12_HUMAN,3.73E+07,4.81E+07,1.05E+07,6.59E+07,2.00E+07,2.47E+07,1.55E+06,7.13E+06,1.03E+07
sp|P16615|AT2A2_HUMAN,7.26E+04,5.43E+04,0,1.23E+04,0,1.13E+04,0,6.68E+04,4.12E+04
sp|P16989|YBOX3_HUMAN,4.57E+06,3.15E+06,8.58E+05,5.98E+06,1.61E+06,2.61E+06,5.69E+05,2.80E+06,2.06E+06
sp|P17066|HSP76_HUMAN,3.55E+04,4.71E+04,0,2.95E+05,0,9.80E+03,0,2.61E+05,3.40E+05
sp|P17844|DDX5_HUMAN,1.32E+07,1.48E+07,8.54E+06,8.59E+06,6.78E+06,8.07E+06,4.94E+06,6.38E+06,6.16E+06
sp|P17980|PRS6A_HUMAN,0,0,0,0,0,0,0,1.27E+05,0
sp|P17987|TCPA_HUMAN,2.15E+06,9.48E+05,9.21E+04,1.62E+06,2.28E+05,2.93E+05,2.08E+05,2.00E+06,8.50E+05
sp|P18077|RL35A_HUMAN,3.93E+05,2.08E+05,0,6.66E+05,0,0,0,2.39E+05,1.65E+05
sp|P18085|ARF4_HUMAN,0,0,0,0,0,0,0,0,0
sp|P18124|RL7_HUMAN,5.38E+05,4.36E+05,0,8.13E+05,6.15E+04,4.20E+04,0,6.34E+05,2.10E+05
sp|P18583|SON_HUMAN,5.87E+05,4.98E+05,0,7.95E+05,7.49E+04,5.64E+04,9.92E+04,1.43E+06,1.12E+06
sp|P18621|RL17_HUMAN,1.95E+08,2.73E+08,1.39E+08,1.56E+08,2.00E+08,2.02E+08,1.02E+07,1.26E+07,1.59E+07
sp|P19338|NUCL_HUMAN,7.70E+05,1.07E+06,2.99E+05,7.08E+05,3.38E+04,0,0,6.81E+05,4.24E+05
sp|P19367|HXK1_HUMAN,0,0,0,0,0,0,0,0,1.26E+04
sp|P19525|E2AK2_HUMAN,8.21E+06,1.92E+07,8.78E+06,0,0,0,0,2.79E+04,0
sp|P20042|IF2B_HUMAN,1.77E+06,3.29E+05,0,1.26E+05,5.34E+04,0,0,2.20E+05,1.43E+05
sp|P20290|BTF3_HUMAN,1.90E+05,3.40E+05,1.90E+04,4.09E+05,3.77E+04,5.25E+04,0,4.92E+04,0
sp|P20339|RAB5A_HUMAN,0,0,0,0,0,0,0,4.06E+04,0
sp|Q9NRW1|RAB6B_HUMAN,3.70E+05,4.13E+05,0,3.30E+05,0,0,0,3.52E+05,3.17E+05
sp|P20700|LMNB1_HUMAN,2.81E+05,3.82E+05,2.20E+04,3.50E+05,0,0,1.47E+04,2.82E+05,5.72E+05
sp|Q9UQ88|CD11A_HUMAN,1.64E+04,0,0,0,0,0,0,3.65E+04,1.26E+04
sp|P21281|VATB2_HUMAN,4.68E+04,0,0,0,0,0,0,5.34E+04,0
sp|P21283|VATC1_HUMAN,4.47E+04,0,0,3.08E+04,0,0,0,1.04E+05,0
sp|P21333|FLNA_HUMAN,1.05E+06,4.29E+05,0,8.07E+05,0,2.81E+05,0,1.21E+06,3.27E+05
sp|P21796|VDAC1_HUMAN,1.44E+06,2.51E+06,3.37E+05,2.30E+06,1.57E+06,1.70E+06,5.21E+05,2.05E+06,2.49E+06
sp|P21980|TGM2_HUMAN,0,0,0,4.52E+05,0,0,0,0,0
sp|P22087|FBRL_HUMAN,8.80E+04,2.01E+05,0,1.11E+05,0,0,0,6.37E+04,0
sp|P22102|PUR2_HUMAN,0,0,0,1.60E+04,0,0,0,4.72E+04,2.09E+04
sp|P22234|PUR6_HUMAN,1.13E+05,9.71E+04,1.78E+04,0,2.92E+04,4.14E+04,2.01E+04,4.69E+04,1.07E+05
sp|P22314|UBA1_HUMAN,9.03E+04,6.35E+04,0,7.38E+04,0,3.61E+05,0,1.36E+05,0
sp|P22528|SPR1B_HUMAN,1.44E+05,3.27E+05,0,0,0,3.40E+05,0,4.99E+05,0
sp|P35326|SPR2A_HUMAN,1.27E+05,3.08E+05,0,0,0,1.36E+06,0,5.49E+05,0
sp|P22626|ROA2_HUMAN,1.48E+07,2.32E+07,4.73E+06,1.79E+07,1.10E+07,1.00E+07,2.36E+06,1.93E+07,1.10E+07
sp|P22695|QCR2_HUMAN,5.48E+05,2.28E+05,0,4.00E+05,0,2.80E+05,0,4.43E+05,3.29E+05
sp|P22735|TGM1_HUMAN,0,0,0,2.82E+04,0,0,0,9.43E+04,1.72E+04
sp|P23246|SFPQ_HUMAN,4.11E+06,2.78E+06,2.79E+06,3.09E+06,9.48E+05,1.09E+06,8.36E+03,2.09E+06,5.21E+05
sp|P23284|PPIB_HUMAN,0,0,0,0,0,0,0,0,5.44E+04
sp|P23396|RS3_HUMAN,2.13E+06,2.44E+06,4.84E+04,2.40E+06,1.04E+06,1.36E+06,8.21E+04,2.46E+06,1.59E+06
sp|P23490|LORI_HUMAN,0,0,0,8.92E+05,0,0,0,2.15E+06,4.55E+05
sp|P23528|COF1_HUMAN,2.02E+05,1.35E+05,5.21E+04,1.92E+05,1.01E+05,0,5.82E+04,1.19E+05,1.60E+05
sp|P23921|RIR1_HUMAN,2.11E+04,0,0,0,0,0,0,0,0
sp|P24534|EF1B_HUMAN,7.70E+04,8.31E+04,0,8.54E+04,0,0,0,9.92E+04,8.69E+04
sp|P24539|AT5F1_HUMAN,0,9.34E+04,0,0,0,0,0,0,1.85E+05
sp|P24928|RPB1_HUMAN,7.96E+03,6.85E+03,0,0,0,0,0,0,0
sp|P25205|MCM3_HUMAN,2.16E+05,1.21E+05,3.23E+04,1.76E+05,9.36E+04,1.03E+05,0,2.21E+05,4.18E+04
sp|P25311|ZA2G_HUMAN,0,0,0,4.29E+05,0,0,4.03E+05,2.28E+05,0
sp|P25398|RS12_HUMAN,3.41E+06,3.69E+06,3.13E+05,2.75E+06,9.35E+05,4.99E+05,4.11E+05,2.27E+06,1.70E+06
sp|P25705|ATPA_HUMAN,1.11E+06,6.92E+05,0,9.26E+05,0,0,0,8.29E+05,5.89E+05
sp|P25788|PSA3_HUMAN,0,0,0,0,2.52E+04,4.60E+04,0,0,0
sp|P26196|DDX6_HUMAN,0,7.76E+04,0,1.64E+05,0,0,0,6.27E+04,1.06E+05
sp|P26368|U2AF2_HUMAN,5.24E+06,4.98E+06,9.18E+05,7.78E+06,6.17E+06,5.15E+05,1.75E+06,1.17E+07,1.14E+07
sp|P26373|RL13_HUMAN,3.15E+06,2.30E+06,9.34E+03,3.68E+06,3.54E+04,5.20E+05,0,6.67E+05,3.87E+05
sp|P26599|PTBP1_HUMAN,1.92E+07,3.17E+07,1.27E+07,1.11E+07,1.00E+07,1.70E+07,2.71E+06,6.91E+06,7.93E+06
sp|P26640|SYVC_HUMAN,6.20E+05,4.69E+05,1.59E+04,3.82E+05,1.35E+04,1.45E+05,0,6.59E+05,2.72E+05
sp|P26641|EF1G_HUMAN,2.76E+06,2.23E+06,1.60E+05,2.34E+06,5.74E+05,9.13E+05,1.41E+05,2.31E+06,1.47E+06
sp|P27348|1433T_HUMAN,0,4.10E+04,0,3.67E+04,0,2.41E+05,0,4.41E+04,0
sp|P27361|MK03_HUMAN,3.02E+04,3.19E+04,0,0,0,0,0,2.58E+04,0
sp|P27635|RL10_HUMAN,1.58E+06,3.74E+06,0,6.54E+06,3.59E+06,1.89E+06,0,4.55E+05,4.00E+05
sp|P27694|RFA1_HUMAN,2.28E+05,1.33E+05,0,2.55E+05,0,0,0,3.56E+05,4.26E+05
sp|P27708|PYR1_HUMAN,4.63E+04,2.55E+04,0,3.99E+04,0,0,0,3.65E+04,1.96E+04
sp|P27824|CALX_HUMAN,3.46E+04,0,0,0,0,0,0,0,0
sp|P28288|ABCD3_HUMAN,3.88E+04,4.70E+04,0,3.03E+04,1.02E+04,0,0,8.73E+04,6.66E+04
sp|P28482|MK01_HUMAN,0,0,2.40E+04,5.56E+04,4.17E+04,0,0,4.43E+04,0
sp|P48594|SPB4_HUMAN,0,0,0,0,0,9.02E+03,4.92E+03,2.07E+04,0
sp|P29558|RBMS1_HUMAN,1.21E+05,7.17E+04,0,0,0,0,0,0,0
sp|P29590|PML_HUMAN,2.69E+04,2.15E+04,0,2.07E+04,0,0,0,1.48E+04,0
sp|P29692|EF1D_HUMAN,2.81E+04,0,0,5.98E+04,0,0,0,3.47E+04,3.14E+04
sp|P30050|RL12_HUMAN,1.10E+06,1.28E+06,0,1.71E+06,0,0,0,1.35E+06,1.52E+06
sp|P30153|2AAA_HUMAN,0,8.99E+04,0,3.25E+04,0,0,0,4.66E+04,0
sp|P31025|LCN1_HUMAN,0,0,8.66E+05,1.69E+05,0,0,1.01E+08,1.51E+06,9.20E+04
sp|P31151|S10A7_HUMAN,0,0,0,0,0,2.98E+05,0,0,1.20E+05
sp|P31323|KAP3_HUMAN,5.48E+04,0,0,0,0,0,0,0,0
sp|P31483|TIA1_HUMAN,3.78E+04,3.70E+04,0,4.34E+04,0,4.17E+04,0,3.44E+04,0
sp|P31930|QCR1_HUMAN,2.49E+05,8.92E+04,0,0,2.26E+04,0,0,2.55E+05,1.23E+05
sp|P31942|HNRH3_HUMAN,9.91E+05,1.96E+06,0,1.56E+06,0,2.29E+05,0,9.41E+05,8.74E+05
sp|P31943|HNRH1_HUMAN,4.27E+07,6.74E+07,3.11E+07,1.17E+07,1.08E+07,1.37E+07,3.53E+06,1.14E+07,1.14E+07
sp|P31944|CASPE_HUMAN,0,1.85E+05,0,7.58E+04,0,3.98E+05,0,1.55E+05,5.92E+04
sp|P32119|PRDX2_HUMAN,0,0,0,2.16E+05,0,3.05E+04,0,3.07E+05,0
sp|P32969|RL9_HUMAN,5.20E+05,4.19E+05,0,6.99E+05,0,0,0,4.36E+05,4.10E+05
sp|P33240|CSTF2_HUMAN,2.49E+05,9.78E+04,0,1.48E+05,0,0,0,1.61E+05,3.20E+04
sp|P33991|MCM4_HUMAN,1.14E+05,5.31E+04,0,7.22E+04,0,0,0,3.51E+04,5.71E+04
sp|P33992|MCM5_HUMAN,2.74E+04,6.21E+04,0,3.97E+04,0,2.12E+04,0,5.90E+04,1.01E+05
sp|P33993|MCM7_HUMAN,1.17E+05,1.46E+05,0,9.57E+04,0,0,0,1.78E+05,8.09E+04
sp|P35222|CTNB1_HUMAN,0,2.22E+04,0,0,0,0,0,3.25E+04,0
sp|P35232|PHB_HUMAN,1.86E+06,1.82E+06,2.34E+03,1.67E+06,6.07E+04,3.50E+05,0,1.87E+06,2.01E+06
sp|P35244|RFA3_HUMAN,0,3.27E+05,0,1.89E+05,0,0,0,1.69E+05,8.95E+04
sp|P35268|RL22_HUMAN,5.48E+06,6.31E+06,8.72E+04,8.43E+06,4.64E+05,0,0,5.65E+06,3.77E+06
sp|P35269|T2FA_HUMAN,5.54E+04,3.52E+04,0,5.22E+04,2.35E+04,2.11E+04,0,0,0
sp|P35579|MYH9_HUMAN,1.25E+05,1.08E+05,0,1.14E+05,0,6.23E+03,0,2.47E+05,3.83E+04
sp|P35580|MYH10_HUMAN,2.72E+05,1.46E+05,0,5.01E+05,7.75E+03,1.29E+05,0,5.04E+05,6.58E+04
sp|P35606|COPB2_HUMAN,1.21E+05,2.31E+04,0,0,0,2.87E+04,0,5.22E+04,5.20E+05
sp|P35611|ADDA_HUMAN,1.59E+05,1.17E+05,0,1.93E+05,0,0,7.12E+03,1.92E+05,1.01E+05
sp|P35637|FUS_HUMAN,9.40E+06,8.81E+06,2.65E+06,6.93E+06,3.91E+06,4.30E+06,1.94E+06,1.44E+06,1.44E+06
sp|P35998|PRS7_HUMAN,2.18E+05,1.03E+05,0,1.05E+05,3.46E+03,9.79E+04,0,4.55E+04,0
sp|P36542|ATPG_HUMAN,1.44E+05,1.72E+05,0,0,0,5.05E+04,0,0,1.23E+05
sp|P36578|RL4_HUMAN,2.59E+05,1.52E+05,0,1.85E+05,0,0,0,5.09E+04,0
sp|P36776|LONM_HUMAN,0,2.29E+04,0,0,0,0,0,0,2.77E+04
sp|P36873|PP1G_HUMAN,0,3.68E+04,0,0,0,0,0,0,0
sp|P37108|SRP14_HUMAN,3.43E+06,8.74E+04,5.92E+06,2.28E+06,4.38E+06,3.75E+06,0,1.80E+06,2.28E+05
sp|P38159|RBMX_HUMAN,3.22E+06,2.96E+06,1.18E+04,3.64E+06,1.48E+05,2.34E+06,5.32E+04,2.13E+06,1.55E+06
sp|P38432|COIL_HUMAN,2.11E+05,1.45E+05,1.89E+04,5.37E+05,1.94E+05,0,4.86E+04,3.20E+05,1.24E+05
sp|P38646|GRP75_HUMAN,9.19E+05,7.88E+05,0,9.07E+05,0,8.85E+03,0,7.77E+05,7.98E+05
sp|P38919|IF4A3_HUMAN,8.31E+06,8.54E+06,2.94E+06,6.76E+06,2.99E+06,3.56E+06,4.55E+06,1.07E+07,1.22E+07
sp|P38935|SMBP2_HUMAN,3.29E+04,3.20E+04,0,2.27E+04,1.32E+04,2.56E+04,0,0,0
sp|P39019|RS19_HUMAN,1.33E+06,1.12E+06,0,1.33E+06,4.02E+04,2.93E+06,0,1.43E+06,1.09E+06
sp|P39023|RL3_HUMAN,1.00E+05,2.00E+05,0,8.96E+04,0,0,0,0,0
sp|P39656|OST48_HUMAN,3.22E+04,4.94E+04,0,0,0,0,0,8.97E+04,5.20E+04
sp|P39748|FEN1_HUMAN,3.84E+04,3.71E+04,0,0,0,0,0,6.22E+04,0
sp|P40227|TCPZ_HUMAN,7.15E+05,3.48E+06,2.06E+06,1.75E+06,2.68E+06,1.99E+06,4.68E+05,1.16E+06,9.22E+05
sp|P40429|RL13A_HUMAN,3.45E+05,1.41E+06,2.24E+05,1.75E+06,3.95E+05,8.57E+05,8.28E+04,1.11E+05,3.54E+05
sp|P40939|ECHA_HUMAN,2.92E+05,4.47E+05,0,8.36E+05,0,2.66E+05,3.29E+03,6.05E+05,5.70E+05
sp|P41091|IF2G_HUMAN,5.00E+05,4.05E+05,0,4.73E+05,0,0,0,5.15E+05,1.31E+05
sp|P41223|BUD31_HUMAN,3.43E+05,6.31E+05,0,6.96E+05,0,5.13E+05,0,1.36E+06,7.66E+05
sp|P41240|CSK_HUMAN,1.80E+04,0,0,0,1.73E+04,0,0,0,0
sp|P41252|SYIC_HUMAN,4.21E+05,3.88E+05,1.49E+04,5.38E+05,5.86E+04,1.03E+05,0,5.67E+05,2.05E+05
sp|P42224|STAT1_HUMAN,0,0,0,0,7.73E+03,0,0,0,0
sp|P42285|MTREX_HUMAN,8.64E+05,5.48E+05,0,6.26E+05,0,1.31E+04,0,6.39E+05,2.22E+05
sp|P42677|RS27_HUMAN,1.91E+07,1.40E+07,7.95E+06,3.17E+07,2.76E+07,2.83E+06,5.36E+06,1.07E+07,8.23E+06
sp|P42704|LPPRC_HUMAN,3.46E+06,4.29E+06,4.07E+05,3.20E+06,6.05E+05,8.43E+05,2.59E+05,4.07E+06,3.93E+06
sp|P42766|RL35_HUMAN,6.21E+07,1.13E+08,5.47E+07,1.27E+08,7.77E+07,9.15E+07,5.63E+05,1.27E+07,4.85E+06
sp|P43243|MATR3_HUMAN,2.06E+07,1.84E+07,1.03E+07,1.73E+07,1.11E+07,1.28E+07,7.05E+06,1.30E+07,1.42E+07
sp|P43307|SSRA_HUMAN,0,0,0,0,0,0,0,1.06E+05,2.72E+05
sp|P43686|PRS6B_HUMAN,1.14E+05,0,0,1.52E+05,0,0,0,2.48E+05,4.49E+04
sp|P45880|VDAC2_HUMAN,1.89E+06,3.17E+06,1.68E+05,1.81E+06,2.71E+05,1.49E+06,2.97E+05,2.89E+06,2.80E+06
sp|P46060|RAGP1_HUMAN,3.31E+05,3.21E+05,0,3.19E+05,0,0,0,3.34E+05,5.56E+05
sp|P46087|NOP2_HUMAN,0,5.29E+04,0,3.65E+04,0,1.43E+04,0,3.01E+04,0
sp|P46199|IF2M_HUMAN,6.17E+04,0,0,0,0,0,0,2.83E+04,0
sp|P46736|BRCC3_HUMAN,0,0,0,4.08E+04,0,0,0,4.82E+04,0
sp|P46776|RL27A_HUMAN,1.39E+07,2.25E+07,3.94E+06,2.24E+07,3.64E+06,3.47E+06,2.49E+05,9.94E+05,1.13E+06
sp|P46777|RL5_HUMAN,2.44E+05,4.16E+05,0,8.37E+05,0,0,0,5.09E+04,0
sp|P46778|RL21_HUMAN,0,0,0,2.76E+05,0,0,0,0,0
sp|P46779|RL28_HUMAN,2.17E+05,1.10E+06,0,2.45E+05,0,0,0,8.92E+04,0
sp|P46781|RS9_HUMAN,3.70E+07,6.08E+07,2.53E+07,3.77E+07,6.11E+07,3.74E+07,2.11E+05,3.54E+06,3.78E+06
sp|P46782|RS5_HUMAN,1.15E+06,2.08E+06,3.59E+05,4.85E+06,2.29E+06,4.99E+05,1.20E+05,3.98E+06,2.03E+06
sp|P46783|RS10_HUMAN,0,9.74E+04,0,3.53E+05,0,0,0,3.05E+05,1.21E+05
sp|P47897|SYQ_HUMAN,2.68E+05,1.64E+05,0,2.82E+05,0,0,0,3.04E+05,1.03E+05
sp|P47914|RL29_HUMAN,2.47E+06,3.00E+06,6.51E+05,4.10E+06,6.94E+05,5.40E+06,0,7.24E+05,6.73E+05
sp|P47929|LEG7_HUMAN,0,1.27E+05,0,0,0,0,0,0,0
sp|P47985|UCRI_HUMAN,0,0,0,0,0,0,0,0,0
sp|P48047|ATPO_HUMAN,1.61E+05,2.41E+05,0,0,0,0,0,0,1.30E+05
sp|P48444|COPD_HUMAN,0,0,0,0,0,0,0,0,0
sp|P48634|PRC2A_HUMAN,0,4.55E+03,0,6.01E+03,0,0,0,7.86E+03,0
sp|P48643|TCPE_HUMAN,5.14E+05,1.24E+05,0,8.08E+05,1.14E+04,0,0,9.27E+05,4.30E+05
sp|P49207|RL34_HUMAN,1.90E+06,1.94E+06,3.08E+04,2.40E+06,9.07E+04,1.21E+05,0,2.51E+05,0
sp|P49327|FAS_HUMAN,3.75E+05,2.99E+05,1.25E+04,4.00E+05,1.64E+04,4.00E+04,1.00E+04,6.35E+05,3.06E+05
sp|P49368|TCPG_HUMAN,1.00E+06,5.94E+05,7.26E+03,1.31E+06,5.71E+04,8.83E+04,0,1.57E+06,6.20E+05
sp|P49411|EFTU_HUMAN,2.33E+04,2.68E+04,0,3.84E+04,0,0,0,5.26E+04,0
sp|P49458|SRP09_HUMAN,3.10E+05,3.86E+05,0,2.45E+05,0,0,0,1.79E+05,1.33E+05
sp|P49711|CTCF_HUMAN,4.63E+04,0,0,0,0,0,0,0,0
sp|P49736|MCM2_HUMAN,5.96E+04,1.10E+05,0,7.17E+04,1.30E+04,1.35E+04,0,9.60E+04,1.09E+05
sp|P49750|YLPM1_HUMAN,1.89E+05,9.94E+04,0,5.00E+04,0,0,0,2.70E+04,3.59E+04
sp|P49755|TMEDA_HUMAN,0,0,0,0,0,0,0,1.02E+05,0
sp|P49756|RBM25_HUMAN,3.86E+05,1.86E+05,0,6.00E+05,3.18E+03,5.08E+03,0,5.66E+05,3.13E+05
sp|P49792|RBP2_HUMAN,1.43E+04,3.76E+04,0,2.22E+04,0,2.85E+03,0,2.55E+04,4.28E+04
sp|P50402|EMD_HUMAN,6.84E+04,1.93E+05,0,8.26E+04,0,0,0,6.58E+04,0
sp|P50579|MAP2_HUMAN,5.22E+04,7.72E+04,0,6.23E+04,0,4.56E+04,0,0,0
sp|P50914|RL14_HUMAN,3.29E+05,2.82E+04,0,4.49E+05,0,0,0,1.79E+05,1.07E+05
sp|P50990|TCPQ_HUMAN,3.44E+06,1.17E+06,0,1.49E+06,3.00E+04,6.34E+05,0,1.82E+06,3.35E+06
sp|P50991|TCPD_HUMAN,1.75E+06,7.57E+05,4.29E+03,1.15E+06,4.36E+05,8.45E+05,0,2.09E+06,8.74E+05
sp|P51003|PAPOA_HUMAN,4.90E+04,1.46E+04,0,2.31E+04,0,0,0,1.86E+04,0
sp|P51114|FXR1_HUMAN,1.17E+05,4.27E+04,2.10E+04,1.68E+05,4.69E+04,5.17E+04,1.55E+04,6.61E+04,0
sp|P51116|FXR2_HUMAN,3.42E+04,2.33E+04,0,6.94E+04,0,0,0,0,0
sp|P51148|RAB5C_HUMAN,1.79E+05,2.06E+05,0,4.87E+04,0,0,0,8.99E+04,4.99E+04
sp|P51149|RAB7A_HUMAN,7.13E+04,7.38E+04,0,3.02E+05,0,0,0,8.26E+04,5.35E+04
sp|P51398|RT29_HUMAN,6.11E+05,3.90E+05,0,3.98E+05,0,0,0,4.16E+05,4.45E+05
sp|P51571|SSRD_HUMAN,2.23E+05,0,0,9.04E+04,0,0,0,0,1.72E+05
sp|P51665|PSMD7_HUMAN,0,0,0,0,0,0,0,8.64E+04,0
sp|P51991|ROA3_HUMAN,8.36E+06,6.07E+06,4.48E+06,6.92E+06,5.20E+06,2.70E+06,1.40E+06,3.91E+06,6.17E+06
sp|P52272|HNRPM_HUMAN,5.39E+07,6.48E+07,1.98E+07,2.66E+08,1.47E+08,1.15E+08,8.42E+06,2.74E+07,3.30E+07
sp|P52292|IMA1_HUMAN,5.69E+05,7.37E+05,1.13E+04,7.19E+05,9.72E+04,4.05E+04,2.43E+04,5.10E+05,6.56E+05
sp|P52298|NCBP2_HUMAN,2.92E+05,1.04E+05,0,0,0,0,0,9.08E+04,9.45E+04
sp|P52434|RPAB3_HUMAN,3.79E+05,4.09E+05,0,5.02E+05,0,8.10E+04,0,3.25E+05,2.88E+05
sp|P52597|HNRPF_HUMAN,1.70E+07,5.08E+07,2.70E+07,7.75E+06,6.85E+06,4.36E+06,3.27E+06,5.26E+06,7.49E+06
sp|P52756|RBM5_HUMAN,3.29E+04,2.17E+05,0,7.57E+04,0,2.03E+04,0,2.90E+04,9.54E+04
sp|P52789|HXK2_HUMAN,0,4.61E+04,0,4.12E+04,0,0,0,3.03E+04,2.27E+04
sp|P53621|COPA_HUMAN,6.11E+04,3.61E+04,0,4.06E+04,0,0,0,6.69E+04,3.42E+04
sp|P53985|MOT1_HUMAN,0,3.17E+05,0,7.05E+04,0,0,0,0,0
sp|P53992|SC24C_HUMAN,5.81E+04,0,0,0,0,0,0,8.09E+03,0
sp|P54136|SYRC_HUMAN,1.84E+06,1.31E+06,0,1.69E+06,4.01E+04,3.44E+05,0,1.90E+06,8.81E+05
sp|P54289|CA2D1_HUMAN,1.49E+04,3.75E+04,0,9.34E+04,0,0,0,2.05E+04,0
sp|P54577|SYYC_HUMAN,4.55E+05,2.87E+05,1.66E+04,2.73E+05,1.35E+04,3.66E+04,0,8.54E+05,1.89E+05
sp|P54819|KAD2_HUMAN,5.31E+05,4.32E+05,0,1.64E+05,0,0,0,6.10E+05,5.13E+05
sp|P54886|P5CS_HUMAN,1.05E+07,9.19E+06,3.16E+06,6.42E+06,6.87E+06,1.04E+07,1.25E+06,8.28E+06,7.94E+06
sp|P55072|TERA_HUMAN,1.05E+05,5.77E+04,0,2.24E+04,0,0,0,1.21E+05,6.15E+04
sp|P55081|MFAP1_HUMAN,0,0,0,1.83E+05,2.09E+04,0,0,2.02E+05,1.80E+05
sp|P55084|ECHB_HUMAN,8.80E+05,3.99E+05,0,7.42E+05,0,0,0,9.22E+05,2.39E+05
sp|P55209|NP1L1_HUMAN,1.61E+05,1.53E+05,0,7.33E+04,0,0,0,3.98E+05,0
sp|P55265|DSRAD_HUMAN,1.60E+07,2.33E+07,1.14E+07,3.09E+06,1.76E+06,1.38E+06,1.17E+06,1.44E+06,9.18E+05
sp|P55769|NH2L1_HUMAN,8.78E+05,7.54E+05,0,7.62E+05,1.51E+05,1.49E+05,3.28E+04,1.11E+06,4.39E+05
sp|P55795|HNRH2_HUMAN,6.11E+06,8.18E+06,4.38E+06,2.84E+06,1.75E+06,1.80E+04,3.77E+04,7.30E+05,1.05E+06
sp|P55884|EIF3B_HUMAN,3.07E+05,1.83E+05,0,3.25E+05,1.78E+04,8.59E+04,0,4.21E+05,5.75E+04
sp|P56182|RRP1_HUMAN,1.52E+05,2.10E+05,0,1.62E+05,0,0,0,4.73E+04,6.03E+04
sp|P56192|SYMC_HUMAN,3.40E+05,1.98E+05,3.38E+04,5.42E+05,6.32E+03,2.26E+05,0,7.06E+05,1.73E+05
sp|P56537|IF6_HUMAN,4.52E+05,1.18E+05,0,5.25E+05,0,0,0,2.64E+05,3.02E+05
sp|P56545|CTBP2_HUMAN,4.10E+04,3.07E+04,0,2.28E+05,0,0,0,0,2.85E+04
sp|P57678|GEMI4_HUMAN,0,0,0,1.61E+04,0,0,0,0,0
sp|P57721|PCBP3_HUMAN,1.59E+05,2.72E+05,0,2.01E+05,0,0,0,2.48E+05,2.49E+05
sp|P57740|NU107_HUMAN,0,0,0,0,0,0,0,1.30E+04,0
sp|P57772|SELB_HUMAN,0,4.01E+04,0,0,0,0,0,0,0
sp|P60228|EIF3E_HUMAN,7.04E+05,7.07E+05,4.11E+04,7.40E+05,1.53E+04,3.55E+05,4.52E+04,8.96E+05,2.52E+05
sp|P60709|ACTB_HUMAN,1.06E+06,1.12E+06,2.98E+05,1.40E+06,1.18E+06,1.02E+06,2.45E+05,1.12E+06,6.43E+05
sp|P63000|RAC1_HUMAN,0,1.12E+05,0,2.39E+05,0,0,0,3.79E+05,1.52E+05
sp|P60842|IF4A1_HUMAN,2.37E+05,1.33E+06,0,1.60E+06,1.12E+06,6.70E+05,0,1.38E+06,1.56E+06
sp|P60866|RS20_HUMAN,2.80E+05,2.47E+05,0,3.08E+06,1.50E+06,7.07E+05,0,1.32E+06,4.31E+05
sp|P60953|CDC42_HUMAN,1.69E+05,0,0,4.80E+05,0,0,0,5.49E+05,0
sp|P60981|DEST_HUMAN,0,0,0,0,0,5.12E+04,0,0,0
sp|P61019|RAB2A_HUMAN,2.56E+05,2.56E+05,0,0,0,0,0,0,7.57E+04
sp|P61106|RAB14_HUMAN,0,0,0,7.51E+04,0,6.36E+04,0,7.03E+04,8.61E+04
sp|P84077|ARF1_HUMAN,5.20E+05,9.08E+04,0,2.13E+05,0,0,0,5.18E+05,1.02E+05
sp|P61221|ABCE1_HUMAN,0,0,0,0,0,0,0,0,5.11E+04
sp|P62834|RAP1A_HUMAN,2.66E+05,1.51E+05,0,0,0,0,0,7.74E+04,0
sp|P61247|RS3A_HUMAN,3.34E+06,3.10E+06,2.73E+06,6.77E+06,4.65E+06,3.08E+06,0,4.13E+06,2.62E+06
sp|P61254|RL26_HUMAN,3.87E+07,4.04E+07,2.17E+07,3.25E+07,3.98E+07,2.64E+07,3.18E+06,1.85E+06,2.17E+06
sp|P61289|PSME3_HUMAN,3.97E+04,1.78E+05,0,0,0,0,0,5.43E+04,5.74E+04
sp|P61326|MGN_HUMAN,8.33E+05,1.00E+06,1.62E+05,8.53E+05,6.93E+05,6.17E+05,4.71E+05,1.33E+06,1.36E+06
sp|P61353|RL27_HUMAN,2.98E+06,2.99E+06,0,5.99E+06,0,0,0,2.47E+06,1.63E+06
sp|P61513|RL37A_HUMAN,1.45E+06,1.47E+06,0,2.07E+06,1.27E+06,2.99E+06,0,5.52E+05,2.33E+06
sp|P61586|RHOA_HUMAN,6.39E+05,2.93E+05,0,7.25E+05,0,0,0,2.90E+05,2.82E+05
sp|P61626|LYSC_HUMAN,0,5.69E+04,0,3.27E+05,0,4.94E+04,2.78E+07,2.92E+05,8.91E+05
sp|P61803|DAD1_HUMAN,3.53E+05,5.65E+05,0,3.63E+05,0,0,0,2.54E+05,3.11E+05
sp|P61923|COPZ1_HUMAN,1.04E+05,1.59E+05,0,1.57E+05,0,0,0,5.69E+04,1.97E+05
sp|P61927|RL37_HUMAN,2.57E+06,6.75E+06,2.50E+06,4.50E+06,2.05E+06,1.31E+07,3.26E+04,1.25E+05,0
sp|P61964|WDR5_HUMAN,3.44E+04,0,0,0,0,0,0,0,0
sp|P61978|HNRPK_HUMAN,4.20E+07,3.27E+07,9.88E+06,2.00E+07,1.94E+07,2.80E+07,7.31E+06,2.57E+07,1.61E+07
sp|P62070|RRAS2_HUMAN,1.85E+05,2.51E+05,0,7.08E+04,0,2.95E+05,0,1.18E+05,5.83E+04
sp|P62081|RS7_HUMAN,2.99E+06,4.54E+06,5.47E+05,5.01E+06,9.68E+05,7.64E+05,4.04E+05,5.96E+06,2.33E+06
sp|P62136|PP1A_HUMAN,0,6.59E+04,0,0,0,0,0,0,0
sp|P62140|PP1B_HUMAN,0,0,0,0,0,2.32E+04,0,5.32E+04,0
sp|P62191|PRS4_HUMAN,4.42E+04,3.26E+04,0,2.89E+04,0,4.34E+04,0,1.33E+05,0
sp|P62195|PRS8_HUMAN,4.37E+04,3.35E+04,0,2.64E+04,0,2.70E+05,0,0,0
sp|P62241|RS8_HUMAN,1.61E+07,1.94E+07,5.13E+06,2.33E+07,9.96E+06,4.73E+06,0,2.25E+06,1.93E+06
sp|P62244|RS15A_HUMAN,3.23E+06,2.02E+06,1.48E+06,4.65E+06,5.36E+06,2.05E+06,1.27E+06,5.60E+06,1.63E+06
sp|P62249|RS16_HUMAN,1.66E+06,5.49E+05,7.18E+04,2.03E+06,0,0,0,1.41E+06,1.09E+06
sp|P62258|1433E_HUMAN,1.19E+05,5.27E+04,0,1.12E+05,0,0,0,1.44E+05,0
sp|P62263|RS14_HUMAN,2.21E+06,2.02E+06,0,5.09E+06,2.04E+06,3.32E+06,0,2.92E+06,1.63E+06
sp|P62266|RS23_HUMAN,5.22E+07,1.01E+08,7.65E+07,8.85E+07,8.24E+07,1.51E+08,1.68E+07,1.42E+07,1.62E+07
sp|P62269|RS18_HUMAN,1.74E+06,2.12E+06,0,1.40E+06,1.21E+04,1.87E+04,0,2.20E+06,1.88E+06
sp|P62277|RS13_HUMAN,1.28E+07,2.19E+07,7.06E+06,1.55E+07,2.12E+07,2.01E+07,4.84E+06,6.21E+06,4.31E+06
sp|P62280|RS11_HUMAN,1.16E+08,1.29E+08,5.35E+07,8.40E+07,9.93E+07,6.39E+07,1.04E+07,1.65E+07,2.18E+07
sp|P62304|RUXE_HUMAN,1.44E+07,1.94E+07,4.14E+06,9.82E+06,0,4.66E+06,2.09E+06,1.01E+07,1.15E+07
sp|P62306|RUXF_HUMAN,5.22E+06,5.12E+06,1.12E+06,2.45E+06,8.25E+05,5.46E+06,0,3.39E+06,3.08E+06
sp|P62314|SMD1_HUMAN,1.57E+07,5.59E+07,2.20E+07,5.19E+06,1.14E+07,1.57E+07,0,8.12E+06,4.37E+06
sp|P62316|SMD2_HUMAN,1.47E+07,3.30E+07,1.61E+07,1.44E+07,1.30E+06,7.51E+05,3.71E+06,1.27E+07,1.41E+07
sp|P62318|SMD3_HUMAN,4.55E+07,5.86E+07,2.16E+07,1.71E+07,5.16E+06,6.15E+06,6.07E+06,1.64E+07,2.62E+07
sp|P62333|PRS10_HUMAN,0,2.76E+04,0,0,0,0,0,6.98E+04,3.75E+04
sp|P62424|RL7A_HUMAN,1.98E+06,2.95E+06,0,2.52E+06,1.88E+04,2.99E+04,0,2.68E+05,2.25E+05
sp|P62487|RPB7_HUMAN,0,0,0,0,0,0,0,0,1.18E+05
sp|P62633|CNBP_HUMAN,6.12E+06,1.81E+07,7.96E+06,0,0,0,0,0,0
sp|P62701|RS4X_HUMAN,2.23E+07,3.39E+07,1.16E+07,2.56E+07,1.12E+07,1.40E+07,3.21E+06,8.09E+06,6.43E+06
sp|P62750|RL23A_HUMAN,5.05E+08,6.62E+08,3.77E+08,5.91E+08,3.60E+08,2.88E+08,1.11E+08,1.69E+08,1.66E+08
sp|P62753|RS6_HUMAN,5.39E+07,7.31E+07,3.27E+07,1.01E+08,4.56E+07,3.17E+07,2.25E+06,8.57E+06,1.46E+07
sp|P62805|H4_HUMAN,1.08E+08,2.09E+08,3.19E+07,1.09E+08,1.52E+08,1.75E+08,1.36E+07,4.35E+07,3.74E+07
sp|P62820|RAB1A_HUMAN,0,0,0,1.49E+05,0,0,0,0,0
sp|P62826|RAN_HUMAN,1.16E+06,1.78E+06,0,2.64E+06,2.31E+04,6.82E+05,0,7.66E+05,6.44E+05
sp|P62829|RL23_HUMAN,4.23E+07,6.03E+07,1.15E+07,4.11E+07,3.76E+07,2.96E+07,5.33E+06,2.29E+07,2.80E+07
sp|P62841|RS15_HUMAN,0,0,0,9.49E+05,0,0,0,7.99E+05,7.91E+05
sp|P62847|RS24_HUMAN,6.46E+07,1.12E+08,6.24E+07,9.36E+07,3.10E+07,3.73E+07,1.63E+07,1.74E+07,1.42E+07
sp|P62851|RS25_HUMAN,5.23E+06,6.47E+06,1.56E+05,5.29E+06,3.82E+06,5.53E+06,1.44E+05,5.08E+06,2.56E+06
sp|P62854|RS26_HUMAN,3.69E+07,5.78E+07,7.52E+06,4.15E+07,1.16E+07,1.16E+07,5.79E+05,1.13E+07,9.55E+06
sp|P62857|RS28_HUMAN,2.02E+06,0,0,1.37E+06,0,0,0,4.06E+05,1.06E+06
sp|P62861|RS30_HUMAN,1.93E+06,0,0,2.60E+06,0,3.79E+05,0,6.91E+05,7.57E+05
sp|P62873|GBB1_HUMAN,3.28E+05,2.69E+05,0,4.96E+05,0,0,0,3.56E+05,3.29E+05
sp|P62877|RBX1_HUMAN,0,0,0,0,0,0,0,0,0
sp|P62879|GBB2_HUMAN,4.44E+05,5.09E+05,0,2.73E+05,0,0,0,5.60E+05,2.75E+05
sp|P62888|RL30_HUMAN,5.90E+05,6.04E+04,0,9.71E+05,0,2.28E+04,0,6.49E+05,4.37E+05
sp|P62899|RL31_HUMAN,1.96E+07,1.28E+07,4.72E+06,1.78E+07,4.29E+06,3.91E+06,1.69E+06,6.64E+06,4.97E+06
sp|P62906|RL10A_HUMAN,8.93E+05,6.73E+05,0,1.83E+06,0,0,0,1.68E+06,9.17E+05
sp|P62913|RL11_HUMAN,1.01E+06,7.17E+05,0,5.94E+05,0,6.49E+05,0,4.69E+05,7.14E+05
sp|P62917|RL8_HUMAN,2.36E+06,1.20E+07,1.58E+04,7.13E+05,1.31E+06,4.36E+04,1.30E+06,8.02E+04,1.93E+05
sp|P62979|RS27A_HUMAN,4.61E+06,3.28E+06,7.71E+05,4.92E+06,4.43E+05,8.69E+05,5.56E+05,5.55E+06,5.41E+06
sp|P62995|TRA2B_HUMAN,3.49E+05,6.88E+05,0,3.17E+07,2.13E+07,1.12E+07,8.81E+05,8.32E+05,4.58E+05
sp|P63010|AP2B1_HUMAN,0,2.43E+04,0,0,0,0,0,1.96E+04,0
sp|P63092|GNAS2_HUMAN,2.63E+04,1.40E+05,0,5.37E+04,0,0,0,5.32E+04,0
sp|P63104|1433Z_HUMAN,1.07E+05,6.63E+04,0,4.25E+04,0,0,0,6.09E+04,0
sp|P63167|DYL1_HUMAN,1.01E+06,9.85E+05,0,2.20E+06,0,0,0,2.74E+06,2.11E+06
sp|P63220|RS21_HUMAN,0,0,0,1.56E+05,2.72E+05,1.79E+05,0,0,0
sp|P63244|RACK1_HUMAN,5.40E+04,1.74E+05,1.59E+04,2.43E+05,0,0,0,3.46E+05,1.69E+05
sp|P63261|ACTG_HUMAN,1.47E+06,1.24E+06,1.74E+05,1.69E+06,3.52E+05,1.15E+06,1.47E+05,1.10E+06,8.94E+05
sp|P67809|YBOX1_HUMAN,1.71E+07,1.35E+07,9.39E+06,1.60E+07,1.63E+07,1.17E+07,1.44E+06,5.43E+06,6.20E+06
sp|P68133|ACTS_HUMAN,0,0,0,6.92E+05,0,0,0,1.51E+05,0
sp|Q5VTE0|EF1A3_HUMAN,3.33E+07,2.05E+07,1.21E+07,1.60E+07,2.39E+07,2.52E+07,4.09E+06,1.39E+07,9.88E+06
sp|Q71U36|TBA1A_HUMAN,0,0,0,2.57E+05,0,5.64E+04,0,2.86E+05,2.70E+05
sp|P68371|TBB4B_HUMAN,9.11E+05,7.59E+05,0,3.05E+05,0,0,0,4.52E+05,3.79E+05
sp|Q71DI3|H32_HUMAN,9.36E+06,1.29E+07,5.94E+04,1.18E+07,2.63E+07,5.01E+04,1.43E+07,8.78E+06,4.71E+06
sp|P78332|RBM6_HUMAN,0,1.83E+04,0,0,0,0,0,0,0
sp|P78344|IF4G2_HUMAN,9.65E+04,1.43E+05,0,1.37E+04,0,2.39E+04,0,4.06E+04,9.29E+04
sp|P78346|RPP30_HUMAN,7.06E+04,5.99E+04,0,0,0,0,0,5.37E+04,0
sp|P78347|GTF2I_HUMAN,2.34E+04,2.23E+04,0,3.39E+04,0,0,0,4.51E+04,0
sp|P78362|SRPK2_HUMAN,6.96E+04,1.59E+04,0,0,0,0,0,3.66E+04,0
sp|P78371|TCPB_HUMAN,1.12E+06,9.88E+05,1.40E+05,1.77E+06,3.37E+04,1.55E+05,2.35E+05,2.27E+06,9.88E+05
sp|P78527|PRKDC_HUMAN,3.71E+05,3.65E+05,4.84E+02,3.06E+05,5.01E+04,1.88E+05,2.85E+02,6.38E+05,2.05E+05
sp|P78563|RED1_HUMAN,6.94E+04,7.96E+04,0,0,0,0,0,0,0
sp|P81605|DCD_HUMAN,1.06E+06,1.67E+06,1.50E+07,3.09E+06,4.21E+06,1.29E+07,1.38E+07,4.23E+06,6.61E+06
sp|P82650|RT22_HUMAN,1.37E+05,2.33E+05,0,3.64E+05,0,0,0,4.99E+05,1.55E+05
sp|P82663|RT25_HUMAN,7.35E+05,1.05E+06,0,7.65E+05,0,0,0,8.18E+05,5.22E+05
sp|P82673|RT35_HUMAN,1.29E+05,1.12E+05,0,2.59E+05,0,0,0,2.60E+05,0
sp|P82675|RT05_HUMAN,1.10E+05,1.08E+05,0,1.14E+05,0,0,0,2.36E+04,0
sp|P82914|RT15_HUMAN,9.20E+05,8.52E+05,4.33E+04,6.78E+05,0,1.08E+06,0,5.16E+05,4.58E+05
sp|P82921|RT21_HUMAN,5.67E+05,4.27E+05,0,3.84E+05,0,0,0,6.68E+05,0
sp|P82932|RT06_HUMAN,0,7.86E+04,0,0,0,0,0,1.04E+05,0
sp|P82933|RT09_HUMAN,2.00E+05,1.30E+05,0,2.27E+05,0,0,0,3.75E+05,2.36E+05
sp|P82979|SARNP_HUMAN,2.02E+05,0,0,4.45E+04,2.18E+04,0,0,5.34E+04,2.60E+05
sp|P83369|LSM11_HUMAN,1.51E+05,1.81E+05,3.06E+04,3.93E+04,0,0,0,1.79E+05,7.63E+04
sp|P83731|RL24_HUMAN,5.05E+07,1.14E+08,1.71E+07,7.20E+07,1.97E+07,7.68E+07,0,2.34E+06,3.65E+06
sp|P83876|TXN4A_HUMAN,0,1.57E+05,0,0,0,0,0,1.40E+05,0
sp|P83881|RL36A_HUMAN,8.55E+05,3.32E+06,3.92E+04,2.74E+06,5.30E+04,8.21E+06,0,0,2.19E+05
sp|P84090|ERH_HUMAN,6.53E+06,4.81E+06,0,4.49E+06,3.38E+06,1.35E+06,3.76E+06,9.90E+06,1.30E+07
sp|P84098|RL19_HUMAN,1.86E+07,1.75E+07,5.07E+06,2.55E+07,9.16E+06,2.49E+06,0,1.76E+06,1.98E+06
sp|P84103|SRSF3_HUMAN,5.05E+07,6.97E+07,1.87E+07,1.22E+07,6.65E+06,3.66E+06,2.02E+06,1.67E+06,4.13E+05
sp|P98088|MUC5A_HUMAN,0,0,1.44E+05,0,1.69E+04,0,3.53E+06,0,0
sp|P98175|RBM10_HUMAN,1.12E+06,6.08E+05,0,2.52E+05,2.29E+03,5.26E+04,0,2.79E+05,2.87E+05
sp|Q00059|TFAM_HUMAN,0,1.06E+05,0,1.24E+05,0,0,0,5.21E+04,0
sp|Q00325|MPCP_HUMAN,1.33E+05,0,0,1.87E+05,0,0,0,1.46E+05,3.22E+05
sp|Q00341|VIGLN_HUMAN,2.88E+04,5.99E+04,0,9.53E+04,0,0,0,7.14E+04,8.14E+04
sp|Q00577|PURA_HUMAN,0,0,0,3.60E+05,0,0,0,1.07E+05,0
sp|Q00610|CLH1_HUMAN,9.02E+05,4.26E+05,0,7.86E+05,1.01E+05,4.24E+05,2.99E+03,1.05E+06,5.93E+05
sp|Q00839|HNRPU_HUMAN,1.71E+07,1.61E+07,1.15E+07,1.86E+07,1.19E+07,1.46E+07,9.37E+06,2.00E+07,1.57E+07
sp|Q01082|SPTB2_HUMAN,1.65E+05,2.40E+05,0,2.32E+05,0,1.75E+04,0,3.41E+05,3.59E+05
sp|Q01085|TIAR_HUMAN,0,5.17E+04,0,2.17E+05,0,0,0,2.56E+05,2.06E+05
sp|Q01130|SRSF2_HUMAN,4.77E+05,6.07E+05,0,4.38E+05,0,0,0,5.27E+04,0
sp|Q01469|FABP5_HUMAN,1.84E+05,3.95E+05,6.97E+04,8.39E+05,2.77E+05,8.45E+05,4.15E+05,0,2.69E+05
sp|Q01518|CAP1_HUMAN,3.21E+04,4.72E+04,0,0,2.39E+04,0,0,4.99E+04,0
sp|Q01780|EXOSX_HUMAN,7.70E+04,4.04E+04,0,1.66E+05,0,0,0,3.56E+04,7.99E+04
sp|Q01844|EWS_HUMAN,2.75E+06,2.82E+06,8.18E+05,2.44E+06,1.33E+06,2.58E+06,1.46E+05,1.62E+06,1.72E+06
sp|Q02383|SEMG2_HUMAN,0,0,0,0,0,0,0,0,1.07E+06
sp|Q02413|DSG1_HUMAN,2.04E+05,4.50E+05,0,7.21E+05,0,1.71E+05,0,1.52E+06,3.65E+05
sp|Q02543|RL18A_HUMAN,5.78E+05,1.94E+05,0,8.60E+05,0,1.46E+06,0,0,2.85E+05
sp|Q02878|RL6_HUMAN,5.90E+05,1.16E+06,0,2.18E+06,4.63E+03,7.05E+03,0,3.09E+05,1.25E+05
sp|Q02978|M2OM_HUMAN,2.99E+05,2.21E+05,0,1.87E+05,0,5.56E+05,0,9.64E+04,2.01E+05
sp|Q03001|DYST_HUMAN,0,1.17E+04,0,0,0,0,0,0,0
sp|Q04637|IF4G1_HUMAN,1.54E+05,6.36E+05,0,2.85E+05,0,0,0,2.89E+05,2.04E+05
sp|Q04837|SSBP_HUMAN,1.51E+05,3.02E+05,0,2.03E+05,0,0,0,2.22E+05,3.93E+05
sp|Q05048|CSTF1_HUMAN,1.44E+05,8.33E+04,0,3.29E+05,0,3.64E+05,0,3.83E+04,8.44E+04
sp|Q05519|SRS11_HUMAN,2.43E+05,6.33E+04,0,2.58E+05,0,0,0,3.09E+05,1.13E+05
sp|Q06587|RING1_HUMAN,0,7.22E+04,0,0,0,0,0,0,0
sp|Q06787|FMR1_HUMAN,0,0,0,8.00E+04,1.77E+04,1.69E+04,0,0,0
sp|Q06830|PRDX1_HUMAN,3.58E+06,0,0,0,0,0,0,6.28E+04,1.46E+06
sp|Q07020|RL18_HUMAN,1.05E+06,1.08E+06,0,1.94E+06,0,0,0,2.46E+05,4.88E+05
sp|Q07021|C1QBP_HUMAN,0,0,0,1.06E+05,0,1.30E+05,0,1.46E+05,0
sp|Q07065|CKAP4_HUMAN,1.53E+05,6.12E+04,0,4.48E+04,0,0,0,9.70E+04,3.51E+04
sp|Q07666|KHDR1_HUMAN,3.67E+05,5.66E+05,6.94E+03,8.38E+05,8.97E+03,1.72E+04,0,5.84E+05,4.02E+05
sp|Q07955|SRSF1_HUMAN,1.05E+07,1.45E+07,2.95E+06,4.44E+06,1.00E+06,4.70E+05,0,1.17E+06,6.94E+05
sp|Q08188|TGM3_HUMAN,0,7.67E+04,0,2.02E+05,0,5.97E+04,0,4.18E+05,1.24E+05
sp|Q08211|DHX9_HUMAN,3.09E+07,4.70E+07,2.03E+07,1.08E+07,7.24E+06,7.27E+06,2.61E+06,9.58E+06,5.76E+06
sp|Q08554|DSC1_HUMAN,1.65E+05,6.22E+04,0,4.66E+05,0,0,0,5.82E+05,2.44E+05
sp|Q08945|SSRP1_HUMAN,0,3.20E+04,0,3.88E+04,0,1.69E+04,0,2.12E+04,3.28E+04
sp|Q09028|RBBP4_HUMAN,9.66E+04,2.54E+05,0,0,0,0,0,1.57E+05,1.14E+05
sp|Q09161|NCBP1_HUMAN,1.21E+05,2.36E+05,0,1.78E+05,0,0,0,5.30E+05,9.14E+04
sp|Q09666|AHNK_HUMAN,0,0,0,1.05E+04,0,0,0,8.54E+03,0
sp|Q0P6D6|CCD15_HUMAN,0,0,6.93E+05,0,8.90E+04,0,0,0,0
sp|Q0VGL1|LTOR4_HUMAN,4.31E+05,3.73E+05,0,6.23E+05,2.54E+05,3.46E+05,9.61E+04,4.76E+05,0
sp|Q10567|AP1B1_HUMAN,5.80E+04,0,0,0,0,0,0,5.57E+04,5.34E+04
sp|Q10570|CPSF1_HUMAN,1.77E+05,2.05E+05,0,3.56E+05,0,0,0,1.56E+05,1.60E+05
sp|Q12792|TWF1_HUMAN,4.44E+04,0,0,1.72E+05,0,0,0,3.80E+04,0
sp|Q12849|GRSF1_HUMAN,5.45E+05,7.77E+05,0,0,0,0,0,0,0
sp|Q12860|CNTN1_HUMAN,1.10E+04,1.31E+04,0,3.32E+04,0,0,0,0,0
sp|Q12874|SF3A3_HUMAN,4.81E+06,4.12E+06,1.69E+06,4.08E+06,1.91E+06,7.51E+05,1.97E+06,4.01E+06,3.00E+06
sp|Q12888|TP53B_HUMAN,8.81E+04,2.37E+04,0,6.34E+04,0,0,0,1.05E+05,9.00E+03
sp|Q12904|AIMP1_HUMAN,0,5.48E+04,0,2.21E+05,0,0,0,0,0
sp|Q12905|ILF2_HUMAN,6.51E+07,1.19E+08,2.92E+07,1.49E+07,8.92E+06,1.88E+07,6.97E+05,9.59E+06,8.10E+06
sp|Q12906|ILF3_HUMAN,3.61E+07,6.50E+07,2.95E+07,4.77E+06,1.99E+06,6.02E+06,5.57E+05,3.23E+06,1.90E+06
sp|Q12996|CSTF3_HUMAN,5.50E+05,4.60E+05,0,5.97E+05,0,2.20E+05,0,5.54E+05,4.16E+05
sp|Q13098|CSN1_HUMAN,1.89E+05,1.37E+05,0,6.26E+04,1.46E+04,5.88E+04,0,1.26E+05,5.92E+04
sp|Q13123|RED_HUMAN,5.07E+05,2.09E+05,0,9.51E+05,2.14E+04,2.50E+05,0,8.54E+05,6.41E+05
sp|Q13144|EI2BE_HUMAN,0,2.36E+04,0,0,0,3.01E+04,1.15E+04,0,0
sp|Q13148|TADBP_HUMAN,9.21E+06,5.88E+06,4.93E+06,3.03E+06,4.16E+04,5.75E+04,0,2.04E+06,1.95E+06
sp|Q13151|ROA0_HUMAN,1.85E+08,1.80E+08,9.71E+07,1.42E+08,1.62E+08,1.64E+08,1.12E+08,6.57E+07,1.06E+08
sp|Q13155|AIMP2_HUMAN,1.31E+05,1.57E+05,0,4.34E+05,0,0,0,2.97E+05,4.68E+05
sp|Q13232|NDK3_HUMAN,6.44E+04,0,0,8.12E+04,0,0,0,0,0
sp|Q13242|SRSF9_HUMAN,2.95E+05,2.25E+05,0,1.96E+05,0,0,0,1.02E+05,1.02E+05
sp|Q13243|SRSF5_HUMAN,0,3.14E+05,0,4.43E+05,0,7.07E+04,0,2.07E+05,4.20E+04
sp|Q13247|SRSF6_HUMAN,3.12E+05,3.28E+05,0,4.33E+05,0,0,0,5.36E+04,8.62E+04
sp|Q13263|TIF1B_HUMAN,5.75E+05,1.79E+06,1.32E+05,1.28E+06,2.26E+05,1.61E+05,2.52E+05,6.05E+05,1.91E+06
sp|Q13283|G3BP1_HUMAN,1.61E+05,2.98E+05,0,9.57E+05,0,1.64E+04,0,1.74E+05,0
sp|Q13310|PABP4_HUMAN,1.19E+05,2.72E+05,0,3.80E+05,0,6.93E+04,0,5.53E+05,1.73E+05
sp|Q13330|MTA1_HUMAN,4.27E+04,1.21E+05,0,1.16E+05,0,0,0,2.02E+04,3.09E+04
sp|Q13347|EIF3I_HUMAN,1.93E+05,5.97E+04,0,6.28E+04,0,0,0,2.02E+05,0
sp|Q13356|PPIL2_HUMAN,6.30E+04,4.46E+04,0,0,0,0,0,0,5.08E+04
sp|Q13363|CTBP1_HUMAN,3.69E+05,0,0,1.81E+05,0,0,0,3.33E+05,6.05E+04
sp|Q13405|RM49_HUMAN,9.41E+04,0,0,6.70E+04,0,0,0,6.49E+04,6.03E+04
sp|Q13427|PPIG_HUMAN,1.90E+05,1.61E+05,0,5.53E+05,0,0,0,2.77E+05,2.29E+05
sp|Q13428|TCOF_HUMAN,6.88E+05,6.62E+05,1.54E+04,8.44E+05,1.22E+04,3.99E+05,0,3.58E+05,3.06E+05
sp|Q13435|SF3B2_HUMAN,4.17E+06,4.85E+06,1.88E+06,2.95E+06,2.44E+06,7.38E+05,1.87E+06,5.72E+06,5.42E+06
sp|Q13523|PRP4B_HUMAN,1.55E+05,2.07E+05,2.55E+04,3.54E+05,2.05E+04,7.19E+04,3.42E+04,8.38E+04,5.16E+04
sp|Q13547|HDAC1_HUMAN,1.25E+05,2.07E+05,0,1.43E+05,1.04E+04,0,0,1.82E+05,1.67E+05
sp|Q13561|DCTN2_HUMAN,0,0,0,0,0,0,0,0,0
sp|Q13573|SNW1_HUMAN,1.31E+06,9.85E+05,9.71E+04,1.89E+06,2.41E+05,2.27E+05,1.94E+05,1.53E+06,1.23E+06
sp|Q13595|TRA2A_HUMAN,1.99E+05,2.54E+05,0,4.15E+06,6.69E+05,6.83E+05,3.37E+04,1.83E+05,1.14E+05
sp|Q13601|KRR1_HUMAN,8.97E+05,8.91E+05,0,8.84E+05,0,0,0,3.97E+05,2.17E+05
sp|Q13610|PWP1_HUMAN,8.78E+04,0,0,1.49E+05,0,0,0,0,0
sp|Q13616|CUL1_HUMAN,6.28E+04,1.09E+05,0,7.70E+04,0,0,0,1.21E+05,1.01E+05
sp|Q13618|CUL3_HUMAN,1.17E+04,1.68E+04,0,0,0,0,0,0,0
sp|Q13620|CUL4B_HUMAN,0,0,0,0,0,0,0,0,0
sp|Q13769|THOC5_HUMAN,1.11E+05,1.13E+05,0,2.17E+04,0,0,0,2.99E+04,5.73E+04
sp|Q13813|SPTN1_HUMAN,8.98E+05,4.95E+05,0,9.21E+05,7.72E+02,2.40E+04,0,1.67E+06,1.05E+06
sp|Q13823|NOG2_HUMAN,1.63E+05,1.50E+05,0,1.02E+05,0,0,0,2.22E+04,0
sp|Q13835|PKP1_HUMAN,0,0,0,0,0,0,0,3.09E+04,0
sp|Q13838|DX39B_HUMAN,2.80E+06,2.44E+06,2.54E+06,2.75E+06,4.59E+06,3.47E+06,2.36E+06,2.13E+06,2.62E+06
sp|Q13867|BLMH_HUMAN,0,0,0,0,0,0,0,3.66E+04,0
sp|Q13884|SNTB1_HUMAN,0,0,0,0,1.06E+04,9.89E+03,0,0,0
sp|Q14103|HNRPD_HUMAN,5.22E+06,4.37E+06,0,4.29E+06,3.39E+04,1.73E+05,0,8.11E+06,4.38E+06
sp|Q14126|DSG2_HUMAN,5.41E+04,3.68E+04,0,5.78E+04,0,0,0,5.81E+04,6.13E+04
sp|Q14137|BOP1_HUMAN,1.18E+05,5.74E+04,0,2.15E+05,0,0,0,4.53E+04,0
sp|Q14152|EIF3A_HUMAN,2.75E+05,7.88E+04,0,2.53E+05,0,0,1.83E+03,2.66E+05,1.65E+05
sp|Q14157|UBP2L_HUMAN,3.37E+05,2.83E+05,0,5.77E+05,0,2.01E+05,0,5.52E+04,7.33E+04
sp|Q14160|SCRIB_HUMAN,1.78E+04,1.84E+04,0,4.78E+04,0,0,0,1.61E+04,0
sp|Q14181|DPOA2_HUMAN,1.90E+05,2.67E+05,0,0,0,0,0,1.25E+05,3.04E+04
sp|Q14240|IF4A2_HUMAN,0,0,0,0,0,0,0,0,0
sp|Q14241|ELOA1_HUMAN,1.55E+04,2.62E+04,0,2.55E+04,0,0,0,5.36E+04,2.28E+04
sp|Q14244|MAP7_HUMAN,0,0,0,0,0,0,0,9.17E+03,0
sp|Q14254|FLOT2_HUMAN,1.59E+05,2.81E+05,0,2.54E+05,0,5.72E+04,0,2.59E+05,2.50E+05
sp|Q14320|FA50A_HUMAN,0,0,0,0,0,0,0,3.21E+04,0
sp|Q14331|FRG1_HUMAN,5.99E+04,8.66E+04,0,6.12E+04,0,0,0,0,0
sp|Q14444|CAPR1_HUMAN,2.88E+05,1.23E+05,0,5.54E+05,0,0,0,1.56E+05,6.89E+04
sp|Q14498|RBM39_HUMAN,3.90E+06,2.74E+06,2.43E+05,3.07E+06,5.73E+04,7.92E+04,5.79E+05,1.54E+06,2.02E+06
sp|Q14562|DHX8_HUMAN,1.11E+05,3.75E+04,0,1.56E+05,0,0,0,1.79E+05,1.77E+05
sp|Q14566|MCM6_HUMAN,1.43E+05,1.04E+05,0,1.12E+05,0,0,0,1.85E+05,6.16E+04
sp|Q14574|DSC3_HUMAN,0,0,0,0,0,0,0,8.05E+04,0
sp|Q14671|PUM1_HUMAN,1.21E+05,4.96E+04,0,3.58E+04,0,4.52E+04,0,8.37E+04,0
sp|Q14677|EPN4_HUMAN,0,0,0,8.63E+04,0,0,0,0,5.36E+04
sp|Q14684|RRP1B_HUMAN,1.04E+06,1.42E+06,4.55E+05,1.10E+06,4.37E+04,0,0,3.75E+05,2.30E+05
sp|Q14692|BMS1_HUMAN,0,0,0,0,0,0,0,0,0
sp|Q14694|UBP10_HUMAN,2.11E+05,2.43E+04,0,2.01E+05,0,0,0,7.62E+04,2.04E+04
sp|Q14739|LBR_HUMAN,4.04E+04,0,0,0,0,0,0,3.50E+04,0
sp|Q14839|CHD4_HUMAN,2.48E+04,4.82E+04,0,3.39E+04,3.45E+03,3.36E+03,0,2.05E+04,1.60E+04
sp|Q14966|ZN638_HUMAN,3.04E+04,4.17E+04,0,1.16E+04,7.46E+03,2.99E+03,0,9.72E+03,2.18E+04
sp|Q14974|IMB1_HUMAN,1.67E+05,1.88E+05,0,2.43E+05,0,0,0,1.70E+05,5.49E+05
sp|Q14978|NOLC1_HUMAN,0,2.46E+04,0,1.09E+05,0,0,0,7.06E+04,3.80E+04
sp|Q14980|NUMA1_HUMAN,0,4.40E+03,0,3.54E+03,0,0,0,0,0
sp|Q15005|SPCS2_HUMAN,0,0,4.65E+04,0,4.97E+04,1.87E+04,0,5.02E+04,0
sp|Q15008|PSMD6_HUMAN,0,0,0,6.16E+04,0,0,0,2.20E+04,2.75E+04
sp|Q15019|SEPT2_HUMAN,0,0,0,0,0,0,0,0,4.84E+04
sp|Q15020|SART3_HUMAN,5.17E+04,3.81E+04,0,5.09E+04,5.72E+03,1.82E+04,0,5.88E+04,0
sp|Q15029|U5S1_HUMAN,7.16E+06,5.20E+06,2.29E+06,1.09E+07,1.76E+06,5.98E+05,2.46E+06,9.67E+06,8.52E+06
sp|Q15046|SYK_HUMAN,0,2.55E+04,0,1.56E+05,0,1.62E+04,0,3.97E+04,0
sp|Q15050|RRS1_HUMAN,2.36E+05,1.32E+05,1.98E+04,3.32E+05,0,3.90E+04,0,0,6.92E+04
sp|Q15084|PDIA6_HUMAN,5.15E+05,4.27E+05,0,7.38E+05,0,0,0,8.13E+05,2.51E+05
sp|Q15149|PLEC_HUMAN,2.00E+04,4.23E+04,2.63E+03,4.23E+04,3.03E+02,0,2.63E+03,3.77E+04,9.57E+04
sp|Q15233|NONO_HUMAN,5.74E+06,7.75E+06,2.92E+06,2.79E+06,8.75E+05,1.74E+06,0,2.66E+06,6.48E+05
sp|Q15286|RAB35_HUMAN,0,0,0,1.35E+05,0,0,0,6.48E+04,0
sp|Q15287|RNPS1_HUMAN,2.11E+05,1.66E+05,0,2.13E+05,0,0,0,0,1.28E+05
sp|Q15334|L2GL1_HUMAN,0,0,0,0,1.35E+06,0,0,0,0
sp|Q15365|PCBP1_HUMAN,7.20E+05,8.68E+05,0,4.02E+05,1.82E+05,1.89E+05,2.34E+05,3.43E+05,7.90E+05
sp|Q15366|PCBP2_HUMAN,1.34E+06,8.93E+05,9.47E+04,6.31E+05,1.48E+05,7.88E+05,1.38E+05,7.35E+05,1.74E+06
sp|Q15388|TOM20_HUMAN,7.98E+05,1.89E+05,7.74E+04,9.44E+05,0,0,0,1.05E+06,6.66E+05
sp|Q15393|SF3B3_HUMAN,2.63E+06,2.00E+06,0,1.79E+06,3.11E+03,1.40E+05,2.93E+05,2.35E+06,2.57E+06
sp|Q15398|DLGP5_HUMAN,7.31E+04,5.11E+04,4.84E+03,8.87E+04,0,0,0,2.05E+05,1.18E+05
sp|Q15424|SAFB1_HUMAN,0,1.34E+04,0,0,8.08E+03,0,0,0,0
sp|Q15427|SF3B4_HUMAN,1.12E+06,1.80E+06,3.42E+05,3.50E+06,3.69E+05,2.24E+05,3.60E+05,3.51E+06,1.37E+06
sp|Q15428|SF3A2_HUMAN,6.85E+05,1.34E+06,1.79E+05,6.25E+05,2.49E+05,3.16E+06,0,7.72E+05,7.14E+05
sp|Q15436|SC23A_HUMAN,0,3.18E+04,0,0,1.26E+04,1.41E+04,0,0,0
sp|Q15459|SF3A1_HUMAN,4.73E+06,2.00E+06,4.82E+05,3.97E+06,9.34E+05,1.16E+06,5.51E+05,5.82E+06,4.24E+06
sp|Q15517|CDSN_HUMAN,1.49E+05,1.59E+05,0,2.90E+05,0,3.32E+05,0,5.95E+05,1.32E+05
sp|Q15633|TRBP2_HUMAN,3.41E+05,3.51E+05,0,6.81E+04,0,0,0,0,0
sp|Q15637|SF01_HUMAN,1.00E+06,1.71E+05,1.07E+05,2.02E+05,2.32E+05,1.85E+05,1.47E+05,8.25E+05,9.68E+05
sp|Q15691|MARE1_HUMAN,6.84E+04,5.63E+04,0,0,0,7.48E+04,0,0,0
sp|Q15717|ELAV1_HUMAN,6.24E+06,3.32E+06,2.58E+06,4.72E+06,1.57E+06,9.14E+05,1.92E+06,6.14E+06,4.24E+06
sp|Q15758|AAAT_HUMAN,0,1.66E+05,0,1.23E+05,0,0,0,1.17E+05,2.71E+05
sp|Q15819|UB2V2_HUMAN,7.90E+04,4.24E+04,0,0,0,0,0,0,0
sp|Q16610|ECM1_HUMAN,0,0,0,0,0,0,0,3.57E+04,0
sp|Q16629|SRSF7_HUMAN,2.06E+07,1.30E+07,2.51E+06,4.42E+06,0,8.42E+05,0,8.20E+05,1.86E+06
sp|Q16630|CPSF6_HUMAN,4.73E+05,4.61E+05,0,1.22E+06,1.30E+04,3.56E+05,0,3.75E+04,0
sp|Q16637|SMN_HUMAN,0,0,0,6.82E+04,0,0,0,0,0
sp|Q16643|DREB_HUMAN,6.80E+04,2.04E+04,0,4.27E+04,0,0,0,1.29E+05,4.29E+04
sp|Q16718|NDUA5_HUMAN,0,0,0,0,0,0,0,5.05E+04,0
sp|Q16891|MIC60_HUMAN,2.63E+05,2.07E+05,0,1.40E+05,2.57E+03,4.94E+03,0,2.99E+05,3.28E+05
sp|Q1KMD3|HNRL2_HUMAN,7.37E+05,1.18E+06,1.49E+05,7.65E+05,0,5.98E+04,0,7.69E+05,6.68E+05
sp|Q2TAY7|SMU1_HUMAN,6.60E+05,6.82E+05,9.67E+04,4.33E+05,1.81E+05,2.05E+05,1.14E+05,9.46E+05,6.15E+05
sp|Q2TBE0|C19L2_HUMAN,5.60E+04,2.09E+04,0,3.15E+04,0,0,0,0,0
sp|Q32P28|P3H1_HUMAN,2.00E+05,7.81E+04,0,2.51E+04,0,1.81E+05,0,2.27E+05,5.45E+04
sp|Q3MHD2|LSM12_HUMAN,7.75E+04,1.06E+05,0,1.78E+05,0,0,0,0,0
sp|Q4G0J3|LARP7_HUMAN,0,0,0,2.97E+04,0,0,0,0,0
sp|Q4V328|GRAP1_HUMAN,0,0,0,2.32E+05,0,0,0,2.95E+05,0
sp|Q52LJ0|FA98B_HUMAN,4.55E+05,5.45E+05,0,8.00E+06,0,0,0,2.42E+05,0
sp|Q53EL6|PDCD4_HUMAN,3.99E+04,0,0,0,0,0,0,2.92E+04,0
sp|Q53F19|NCBP3_HUMAN,4.59E+04,4.64E+04,0,0,0,0,0,3.46E+04,3.62E+04
sp|Q53HL2|BOREA_HUMAN,0,5.61E+04,0,6.12E+05,0,0,0,0,0
sp|Q53S08|RAB6D_HUMAN,0,7.18E+04,0,0,0,0,0,0,0
sp|Q5BKZ1|ZN326_HUMAN,1.97E+06,1.40E+06,0,1.70E+06,1.53E+04,5.40E+05,0,1.35E+06,1.32E+06
sp|Q5HYI8|RABL3_HUMAN,0,0,0,0,0,0,0,0,0
sp|Q5JVF3|PCID2_HUMAN,3.01E+05,6.55E+04,2.43E+04,3.63E+04,5.18E+04,6.91E+04,1.95E+04,1.52E+05,2.35E+04
sp|Q5JXB2|UE2NL_HUMAN,2.97E+05,0,0,1.15E+05,0,0,0,0,1.18E+05
sp|Q5SSJ5|HP1B3_HUMAN,0,5.54E+04,0,1.61E+05,0,0,0,0,0
sp|Q5SY16|NOL9_HUMAN,1.04E+05,6.10E+04,0,1.09E+05,0,0,0,1.86E+04,0
sp|Q5T1R4|ZEP3_HUMAN,2.05E+05,1.80E+04,0,1.29E+05,0,0,0,6.09E+04,5.27E+04
sp|Q5T3I0|GPTC4_HUMAN,7.84E+05,9.06E+05,1.54E+04,1.14E+06,6.86E+05,5.75E+04,8.59E+03,1.51E+05,1.46E+05
sp|Q5T749|KPRP_HUMAN,0,1.22E+04,0,2.73E+05,0,0,0,8.86E+05,3.68E+05
sp|Q5T750|XP32_HUMAN,0,4.98E+04,0,5.56E+05,0,0,0,9.03E+05,1.27E+05
sp|Q5T8P6|RBM26_HUMAN,2.54E+05,8.69E+04,0,1.34E+06,5.29E+03,4.10E+05,0,2.08E+05,1.03E+05
sp|Q5VTL8|PR38B_HUMAN,0,9.55E+04,0,0,0,0,0,6.27E+04,0
sp|Q5VWQ0|RSBN1_HUMAN,3.89E+05,4.07E+04,0,4.77E+05,0,0,0,2.71E+05,2.32E+05
sp|Q66PJ3|AR6P4_HUMAN,0,9.99E+04,0,0,0,0,0,2.85E+04,0
sp|Q69YN4|VIR_HUMAN,9.46E+04,0,0,0,0,0,0,0,0
sp|Q6DKI1|RL7L_HUMAN,1.44E+05,1.89E+05,0,4.99E+05,0,0,0,0,0
sp|Q6FI13|H2A2A_HUMAN,2.52E+05,0,0,0,0,0,0,1.09E+05,0
sp|Q6I9Y2|THOC7_HUMAN,0,0,0,7.93E+04,0,0,0,0,0
sp|Q6IAA8|LTOR1_HUMAN,8.34E+05,1.13E+05,0,6.04E+05,0,0,0,6.11E+05,5.99E+05
sp|Q6IN85|P4R3A_HUMAN,0,0,0,0,0,0,0,1.55E+04,0
sp|Q6NZY4|ZCHC8_HUMAN,1.78E+05,6.97E+04,0,1.36E+05,0,3.75E+04,0,1.91E+05,5.44E+04
sp|Q6P1J9|CDC73_HUMAN,1.18E+05,1.19E+05,0,1.17E+05,0,0,0,1.08E+05,1.45E+05
sp|Q6P2Q9|PRP8_HUMAN,1.71E+06,1.28E+06,1.03E+03,2.22E+06,8.59E+05,5.45E+05,1.91E+05,2.61E+06,2.09E+06
sp|Q6P4A7|SFXN4_HUMAN,0,0,0,0,0,0,0,0,0
sp|Q6P5R6|RL22L_HUMAN,0,1.92E+05,0,1.97E+05,0,0,0,2.37E+05,4.79E+05
sp|Q6PCB5|RSBNL_HUMAN,1.72E+05,2.16E+05,0,1.45E+05,0,2.86E+04,0,2.33E+05,3.16E+05
sp|Q6PIY7|GLD2_HUMAN,7.40E+04,1.59E+05,0,3.56E+04,0,0,0,0,7.60E+04
sp|Q6PJT7|ZC3HE_HUMAN,1.36E+05,1.48E+05,0,1.39E+05,0,0,1.77E+04,5.04E+05,5.37E+05
sp|Q6PK04|CC137_HUMAN,7.52E+04,3.98E+04,0,1.46E+05,0,0,0,0,0
sp|Q6PKG0|LARP1_HUMAN,7.92E+04,5.70E+04,0,4.26E+04,1.85E+03,0,0,1.25E+05,2.16E+04
sp|Q6S8J3|POTEE_HUMAN,0,1.32E+04,0,0,0,0,0,0,0
sp|Q6UB35|C1TM_HUMAN,1.32E+05,6.41E+04,0,6.20E+04,0,0,0,2.08E+05,5.25E+04
sp|Q6UN15|FIP1_HUMAN,1.96E+05,4.83E+05,0,8.11E+05,5.20E+04,2.33E+04,1.22E+04,2.28E+05,3.09E+05
sp|Q6UWP8|SBSN_HUMAN,0,1.47E+04,0,0,0,0,0,4.62E+04,0
sp|Q6ZN17|LN28B_HUMAN,1.03E+06,6.64E+05,0,1.56E+06,2.69E+04,6.84E+05,0,1.40E+05,0
sp|Q6ZUT1|NKAP1_HUMAN,2.67E+05,4.94E+05,0,1.53E+05,0,0,0,1.34E+05,0
sp|Q6ZUX3|TGRM2_HUMAN,0,0,0,0,0,0,0,8.41E+04,5.74E+04
sp|Q6ZVX7|FBX50_HUMAN,0,0,0,8.99E+04,0,0,0,1.04E+05,0
sp|Q71RC2|LARP4_HUMAN,1.69E+05,3.17E+04,0,6.17E+04,0,0,0,5.54E+04,4.19E+04
sp|Q71UM5|RS27L_HUMAN,0,0,0,2.86E+06,5.84E+06,0,0,0,1.24E+06
sp|Q7KZ85|SPT6H_HUMAN,1.82E+04,1.60E+04,0,2.51E+04,0,0,0,3.23E+04,9.54E+03
sp|Q7KZF4|SND1_HUMAN,2.84E+06,2.45E+06,1.22E+05,1.60E+06,2.37E+05,1.40E+06,3.12E+03,2.78E+06,7.02E+05
sp|Q7L014|DDX46_HUMAN,7.32E+04,1.16E+05,0,1.77E+04,0,0,0,7.21E+04,6.99E+04
sp|Q7L2E3|DHX30_HUMAN,2.74E+05,3.49E+05,0,2.44E+05,0,0,0,1.06E+05,6.85E+04
sp|Q7L2H7|EIF3M_HUMAN,1.07E+06,7.24E+05,0,5.44E+05,7.87E+05,6.38E+05,0,8.66E+05,2.50E+05
sp|Q7L590|MCM10_HUMAN,1.25E+04,0,0,2.05E+04,0,0,0,0,1.14E+04
sp|Q7L5N1|CSN6_HUMAN,0,0,0,1.01E+05,0,0,0,1.22E+05,0
sp|Q7L5Y9|MAEA_HUMAN,0,0,0,0,1.70E+04,0,0,0,0
sp|Q7RTV0|PHF5A_HUMAN,1.99E+06,1.73E+06,0,1.55E+06,0,0,0,1.96E+06,2.76E+06
sp|Q7Z2T5|TRM1L_HUMAN,0,0,0,0,0,0,0,0,0
sp|Q7Z2W4|ZCCHV_HUMAN,1.19E+05,5.26E+04,6.63E+03,8.94E+04,0,8.69E+04,0,8.23E+04,8.27E+04
sp|Q7Z417|NUFP2_HUMAN,5.19E+04,4.77E+04,0,6.48E+04,0,0,0,0,0
sp|Q7Z6E9|RBBP6_HUMAN,5.33E+04,3.19E+04,0,1.56E+05,0,0,0,5.19E+04,0
sp|Q7Z739|YTHD3_HUMAN,0,0,0,0,0,1.09E+05,0,0,0
sp|Q7Z7C8|TAF8_HUMAN,0,3.48E+04,0,4.84E+04,0,0,0,0,0
sp|Q7Z7K6|CENPV_HUMAN,0,0,0,1.91E+05,0,0,0,0,3.25E+04
sp|Q86SE9|PCGF5_HUMAN,0,0,0,3.97E+04,0,0,0,0,0
sp|Q86TU7|SETD3_HUMAN,0,0,0,0,0,0,0,6.90E+04,0
sp|Q86U42|PABP2_HUMAN,2.83E+05,1.89E+05,9.97E+04,6.34E+05,1.58E+05,2.37E+05,1.77E+05,5.73E+05,8.25E+05
sp|Q86UE4|LYRIC_HUMAN,1.35E+05,5.66E+04,0,1.16E+05,0,0,0,2.77E+04,3.47E+04
sp|Q86UP2|KTN1_HUMAN,6.54E+03,1.34E+04,0,9.87E+03,0,0,0,1.15E+04,8.19E+03
sp|Q86UR5|RIMS1_HUMAN,8.07E+04,2.14E+04,0,2.37E+04,8.82E+04,1.27E+05,0,0,0
sp|Q86UV5|UBP48_HUMAN,1.84E+04,0,0,1.41E+04,0,0,0,1.70E+04,0
sp|Q86V81|THOC4_HUMAN,2.81E+06,2.42E+06,0,2.12E+06,0,0,0,3.68E+06,2.04E+06
sp|Q86VM9|ZCH18_HUMAN,3.96E+04,1.62E+04,0,3.61E+04,0,0,0,5.00E+04,0
sp|Q86VP6|CAND1_HUMAN,1.23E+05,1.47E+05,0,8.21E+04,0,0,0,1.71E+05,1.53E+05
sp|Q86WB0|NIPA_HUMAN,0,6.92E+04,0,8.43E+04,0,3.43E+04,0,0,6.82E+04
sp|Q86XP3|DDX42_HUMAN,2.82E+05,3.54E+05,0,2.51E+05,8.44E+03,6.90E+03,0,3.85E+05,2.13E+05
sp|Q86YQ8|CPNE8_HUMAN,5.30E+04,1.27E+05,0,6.93E+04,0,0,0,0,0
sp|Q86YS7|C2CD5_HUMAN,0,0,0,0,0,0,0,1.59E+04,0
sp|Q8IUF8|RIOX2_HUMAN,3.45E+04,4.78E+04,0,3.75E+04,0,0,0,0,0
sp|Q8IUH3|RBM45_HUMAN,4.58E+05,1.34E+05,1.97E+04,8.85E+04,0,0,0,6.39E+04,3.77E+04
sp|Q8IV48|ERI1_HUMAN,4.64E+04,8.25E+04,0,0,0,0,0,0,0
sp|Q8IWS0|PHF6_HUMAN,4.59E+04,0,0,0,0,0,0,1.40E+05,0
sp|Q8IWX8|CHERP_HUMAN,3.12E+05,2.10E+05,0,4.87E+05,1.82E+04,0,3.12E+04,8.36E+05,7.72E+05
sp|Q8IWZ8|SUGP1_HUMAN,1.31E+05,1.99E+05,0,5.21E+04,0,0,0,1.12E+05,3.73E+04
sp|Q8IX01|SUGP2_HUMAN,8.73E+05,7.65E+05,0,5.13E+05,0,0,0,5.40E+05,4.66E+05
sp|Q8IX12|CCAR1_HUMAN,1.07E+06,4.66E+05,7.67E+04,3.04E+05,1.80E+04,3.82E+04,0,2.51E+05,6.54E+04
sp|Q8IX18|DHX40_HUMAN,1.20E+04,0,0,0,0,0,0,1.81E+04,0
sp|Q8IY37|DHX37_HUMAN,0,0,0,2.11E+05,0,0,0,0,0
sp|Q8IY67|RAVR1_HUMAN,1.56E+05,1.29E+05,0,9.94E+04,0,4.75E+05,0,3.43E+05,2.84E+04
sp|Q8IY81|SPB1_HUMAN,2.59E+05,3.73E+05,0,6.25E+05,0,0,0,9.50E+04,1.63E+04
sp|Q8IYB3|SRRM1_HUMAN,5.65E+05,7.84E+05,2.50E+05,6.46E+05,2.97E+05,4.23E+05,8.93E+04,3.08E+05,1.25E+05
sp|Q8N163|CCAR2_HUMAN,6.82E+05,2.84E+05,4.45E+04,7.12E+05,0,2.81E+05,1.02E+05,8.09E+05,1.76E+05
sp|Q8N1F7|NUP93_HUMAN,0,0,0,0,0,0,0,1.28E+04,0
sp|Q8N257|H2B3B_HUMAN,0,3.82E+06,1.78E+05,1.19E+07,0,0,0,0,0
sp|Q8N5A5|ZGPAT_HUMAN,6.00E+04,0,0,4.64E+04,2.25E+04,0,0,0,0
sp|Q8N5F7|NKAP_HUMAN,0,9.51E+04,0,0,0,0,0,6.98E+04,6.29E+04
sp|Q8N684|CPSF7_HUMAN,6.96E+05,1.04E+06,0,2.03E+06,3.00E+04,5.37E+05,0,5.10E+05,3.96E+05
sp|Q8N6R0|MET13_HUMAN,1.10E+05,6.20E+04,0,3.17E+04,0,0,0,1.28E+05,2.42E+04
sp|Q9UI08|EVL_HUMAN,3.53E+04,0,0,4.66E+04,1.74E+04,0,0,3.95E+04,0
sp|Q8N983|RM43_HUMAN,1.26E+05,0,0,1.26E+05,0,0,0,1.22E+05,1.85E+05
sp|Q8N9M1|CS047_HUMAN,5.98E+04,0,0,1.25E+05,0,0,0,4.51E+04,0
sp|Q8N9T8|KRI1_HUMAN,1.29E+05,2.72E+05,0,9.32E+04,0,0,0,8.97E+04,0
sp|Q8NAV1|PR38A_HUMAN,3.40E+05,4.94E+05,0,2.78E+05,0,0,0,1.12E+05,9.98E+04
sp|Q8NC51|PAIRB_HUMAN,2.77E+04,3.00E+04,0,3.53E+04,1.33E+04,5.84E+04,0,0,0
sp|Q8NCA5|FA98A_HUMAN,2.16E+05,4.38E+05,0,3.34E+05,0,0,0,2.70E+05,7.46E+04
sp|Q8NDL9|CBPC5_HUMAN,0,0,0,0,0,0,0,0,0
sp|Q8NDV7|TNR6A_HUMAN,0,0,0,0,0,0,0,0,0
sp|Q8NE71|ABCF1_HUMAN,5.73E+04,1.09E+05,0,3.87E+04,0,0,0,4.49E+04,0
sp|Q8NEF9|SRFB1_HUMAN,3.38E+04,2.96E+04,0,0,2.40E+04,0,0,0,0
sp|Q8NEJ9|NGDN_HUMAN,0,0,0,0,0,0,0,0,0
sp|Q8NF91|SYNE1_HUMAN,1.25E+05,1.63E+05,0,6.34E+04,6.31E+02,1.11E+03,0,5.83E+04,2.03E+05
sp|Q8NFH3|NUP43_HUMAN,1.54E+05,7.91E+04,0,6.99E+04,0,0,0,6.94E+04,0
sp|Q8NI27|THOC2_HUMAN,1.40E+05,1.29E+05,2.98E+04,1.25E+05,5.23E+04,9.92E+04,4.43E+04,1.73E+05,9.30E+04
sp|Q8TAE8|G45IP_HUMAN,1.50E+05,1.69E+05,0,9.41E+04,0,0,0,1.30E+05,0
sp|Q8TAT6|NPL4_HUMAN,6.20E+05,2.72E+04,0,2.57E+04,3.39E+04,2.50E+04,0,1.56E+05,0
sp|Q8TCT9|HM13_HUMAN,0,6.91E+04,0,0,0,0,0,8.24E+04,0
sp|Q8TDD1|DDX54_HUMAN,5.44E+04,1.63E+04,0,4.88E+04,0,0,0,0,0
sp|Q8TDN6|BRX1_HUMAN,0,0,0,5.64E+04,0,0,0,3.23E+04,0
sp|Q8TEQ6|GEMI5_HUMAN,9.92E+04,8.38E+04,0,2.49E+04,0,0,0,4.53E+04,2.99E+04
sp|Q8TEX9|IPO4_HUMAN,7.00E+05,9.30E+05,6.68E+05,2.47E+05,1.53E+06,0,0,0,2.06E+04
sp|Q8WU90|ZC3HF_HUMAN,0,0,0,0,0,0,0,0,0
sp|Q8WUA2|PPIL4_HUMAN,0,0,0,0,0,0,0,4.94E+04,0
sp|Q8WUD4|CCD12_HUMAN,0,9.42E+04,0,6.66E+04,0,0,0,6.75E+05,4.57E+05
sp|Q8WVM0|TFB1M_HUMAN,0,3.44E+04,0,0,0,0,0,2.90E+04,0
sp|Q8WVM8|SCFD1_HUMAN,0,0,0,0,9.61E+03,1.34E+04,0,0,0
sp|Q8WVP7|LMBR1_HUMAN,0,3.97E+04,0,0,0,0,0,0,0
sp|Q8WVV9|HNRLL_HUMAN,3.20E+05,4.02E+05,0,3.79E+04,0,2.46E+04,0,2.24E+05,1.73E+05
sp|Q8WWM7|ATX2L_HUMAN,0,0,0,1.77E+04,0,0,0,0,0
sp|Q8WWY3|PRP31_HUMAN,4.12E+05,7.04E+05,0,6.28E+05,6.00E+03,3.50E+05,0,8.30E+05,1.20E+06
sp|Q8WXA9|SREK1_HUMAN,2.69E+05,8.67E+04,0,3.22E+05,0,0,0,1.86E+05,7.72E+04
sp|Q8WXF1|PSPC1_HUMAN,1.68E+05,2.50E+05,0,8.97E+04,1.10E+04,0,0,6.44E+04,3.34E+04
sp|Q8WYA6|CTBL1_HUMAN,1.58E+05,1.84E+05,0,1.45E+05,8.04E+04,1.33E+05,1.83E+04,3.19E+05,3.45E+04
sp|Q92485|ASM3B_HUMAN,5.08E+05,2.02E+05,0,4.63E+05,0,2.21E+05,0,3.03E+05,3.37E+05
sp|Q92499|DDX1_HUMAN,4.39E+05,9.34E+05,0,7.61E+05,8.75E+03,0,0,1.11E+06,4.29E+05
sp|Q92522|H1X_HUMAN,2.40E+07,2.55E+07,9.92E+06,3.99E+07,1.40E+07,1.17E+07,4.71E+06,8.51E+06,8.30E+06
sp|Q92526|TCPW_HUMAN,4.94E+05,0,0,2.49E+05,3.93E+05,3.87E+04,4.47E+05,0,0
sp|Q92552|RT27_HUMAN,1.37E+05,9.02E+04,0,3.62E+05,4.86E+03,3.84E+03,0,3.92E+05,3.57E+05
sp|Q92665|RT31_HUMAN,2.07E+05,2.95E+05,0,4.24E+05,0,0,0,2.77E+05,6.70E+04
sp|Q92804|RBP56_HUMAN,8.89E+05,1.18E+06,1.91E+05,5.29E+05,2.15E+05,1.19E+06,6.13E+04,4.52E+05,2.46E+05
sp|Q92841|DDX17_HUMAN,8.77E+06,6.86E+06,2.99E+06,5.77E+06,4.99E+06,3.55E+06,2.45E+06,4.08E+06,5.05E+06
sp|Q92878|RAD50_HUMAN,1.06E+04,0,0,0,0,0,0,1.60E+04,0
sp|Q92879|CELF1_HUMAN,8.63E+05,4.35E+06,7.61E+03,1.53E+06,0,0,0,3.12E+05,2.82E+05
sp|Q92900|RENT1_HUMAN,5.29E+05,3.46E+05,0,6.87E+05,2.56E+03,5.08E+04,0,2.93E+05,1.37E+05
sp|Q92945|FUBP2_HUMAN,3.06E+06,1.61E+06,6.21E+04,3.62E+06,4.77E+05,3.85E+05,6.50E+05,9.47E+06,9.75E+06
sp|Q92973|TNPO1_HUMAN,0,0,0,0,0,0,0,0,1.80E+04
sp|Q93009|UBP7_HUMAN,4.07E+04,2.94E+04,0,6.13E+04,0,0,0,9.07E+04,0
sp|Q93077|H2A1C_HUMAN,1.94E+07,1.97E+07,1.46E+07,1.62E+07,2.04E+07,8.97E+06,8.48E+06,3.47E+06,7.20E+06
sp|Q969L4|LSM10_HUMAN,0,4.48E+05,0,1.73E+05,0,0,1.04E+05,1.37E+05,3.48E+05
sp|Q969Q0|RL36L_HUMAN,4.09E+05,6.14E+05,0,4.60E+05,0,3.22E+06,0,0,5.18E+05
sp|Q96A35|RM24_HUMAN,0,0,0,1.91E+05,0,0,0,0,0
sp|Q96A72|MGN2_HUMAN,1.93E+06,1.59E+06,3.00E+05,1.63E+06,1.08E+06,1.04E+06,6.82E+05,2.47E+06,2.41E+06
sp|Q96AE4|FUBP1_HUMAN,1.20E+06,4.65E+05,0,1.64E+06,0,0,0,2.91E+06,3.39E+06
sp|Q96CB8|INT12_HUMAN,0,3.34E+04,0,0,3.92E+04,0,0,0,0
sp|Q96CS3|FAF2_HUMAN,0,0,0,0,1.42E+04,0,0,0,3.01E+04
sp|Q96CW1|AP2M1_HUMAN,5.55E+04,0,0,4.75E+04,0,0,0,8.84E+04,1.08E+05
sp|Q96CX2|KCD12_HUMAN,9.08E+04,5.21E+05,0,3.65E+05,5.83E+04,1.56E+05,0,8.84E+05,0
sp|Q96DF8|ESS2_HUMAN,0,0,0,1.45E+05,0,0,0,2.43E+04,0
sp|Q96DH6|MSI2H_HUMAN,2.15E+06,2.65E+06,1.29E+06,1.89E+06,0,0,1.64E+06,1.95E+06,1.82E+06
sp|Q96DI7|SNR40_HUMAN,5.16E+05,6.01E+05,0,8.03E+05,0,8.56E+03,0,8.34E+05,6.07E+05
sp|Q96EE3|SEH1_HUMAN,5.79E+04,2.26E+05,0,1.49E+05,0,5.65E+03,0,2.90E+05,1.32E+05
sp|Q96EP5|DAZP1_HUMAN,2.58E+05,1.47E+05,0,1.73E+05,1.03E+05,0,3.00E+04,1.61E+06,4.50E+05
sp|Q96EU6|RRP36_HUMAN,0,1.16E+05,0,0,0,0,0,0,0
sp|Q96EY1|DNJA3_HUMAN,1.80E+05,2.15E+05,0,2.07E+05,9.59E+03,0,0,6.10E+04,1.22E+05
sp|Q96EY7|PTCD3_HUMAN,5.72E+05,4.24E+04,0,3.48E+05,2.01E+03,4.88E+03,0,5.00E+05,2.53E+05
sp|Q96FJ2|DYL2_HUMAN,2.26E+05,0,0,0,0,0,0,3.81E+05,0
sp|Q96FN4|CPNE2_HUMAN,5.67E+04,1.00E+05,0,5.68E+04,7.89E+03,2.11E+04,0,3.63E+04,0
sp|Q96FV9|THOC1_HUMAN,5.35E+05,2.75E+05,0,3.94E+05,0,0,0,3.11E+05,2.23E+05
sp|Q96GM8|TOE1_HUMAN,1.54E+07,1.88E+07,6.03E+06,4.56E+06,2.44E+06,1.76E+06,0,2.35E+04,0
sp|Q96HR8|NAF1_HUMAN,7.83E+04,1.05E+05,0,1.37E+05,0,0,0,5.08E+04,6.22E+04
sp|Q96HS1|PGAM5_HUMAN,5.69E+05,8.63E+05,0,1.29E+06,0,2.01E+05,0,1.13E+06,5.93E+05
sp|Q96I24|FUBP3_HUMAN,4.77E+06,4.17E+06,1.59E+06,7.42E+06,3.03E+06,1.49E+06,5.83E+06,9.13E+06,1.08E+07
sp|Q96I25|SPF45_HUMAN,1.30E+06,4.45E+05,2.31E+04,1.11E+06,4.54E+04,3.54E+04,2.47E+04,1.15E+06,1.09E+06
sp|Q96J94|PIWL1_HUMAN,2.02E+05,0,0,0,0,0,0,0,0
sp|Q96KQ7|EHMT2_HUMAN,2.68E+04,0,0,0,1.41E+04,0,0,1.18E+04,0
sp|Q96KR1|ZFR_HUMAN,1.19E+06,1.06E+06,0,1.04E+06,8.30E+03,4.95E+05,0,8.73E+05,5.39E+05
sp|Q96LT9|RNPC3_HUMAN,7.46E+04,7.55E+04,0,7.52E+04,3.86E+04,0,0,0,3.51E+04
sp|Q96P16|RPR1A_HUMAN,6.23E+04,2.00E+05,0,7.86E+04,0,6.62E+04,0,3.35E+05,1.60E+05
sp|Q96P63|SPB12_HUMAN,1.23E+05,3.32E+05,3.02E+04,2.84E+05,1.03E+05,1.11E+05,6.70E+04,4.66E+05,2.20E+05
sp|Q96PK6|RBM14_HUMAN,5.15E+06,3.75E+06,1.71E+06,4.59E+06,4.51E+05,1.67E+06,0,2.30E+06,2.98E+06
sp|Q96PM9|Z385A_HUMAN,0,4.03E+04,0,8.38E+04,0,0,0,0,0
sp|Q96PU8|QKI_HUMAN,5.67E+06,4.96E+06,1.66E+06,4.26E+05,0,0,0,5.62E+05,2.26E+05
sp|Q96PV6|LENG8_HUMAN,3.90E+04,2.88E+04,0,0,0,0,0,2.20E+04,0
sp|Q96QA5|GSDMA_HUMAN,0,0,0,0,0,3.64E+04,5.94E+04,7.90E+04,0
sp|Q96QB1|RHG07_HUMAN,0,0,0,0,1.91E+05,1.98E+03,0,0,0
sp|Q96QD9|UIF_HUMAN,2.82E+04,1.37E+05,0,1.08E+05,0,0,0,0,3.16E+04
sp|Q96QR8|PURB_HUMAN,2.78E+04,1.13E+05,0,0,0,0,0,0,0
sp|Q96SB4|SRPK1_HUMAN,2.50E+05,2.22E+04,0,1.16E+05,0,0,0,0,0
sp|Q96SI9|STRBP_HUMAN,1.03E+06,1.39E+06,8.65E+03,6.19E+05,1.98E+04,9.55E+04,0,5.34E+05,1.11E+05
sp|Q96ST3|SIN3A_HUMAN,1.15E+04,0,0,0,0,0,0,4.14E+04,1.09E+04
sp|Q96T37|RBM15_HUMAN,9.85E+04,1.24E+05,0,1.90E+05,1.74E+03,7.21E+04,0,1.52E+05,3.96E+04
sp|Q99459|CDC5L_HUMAN,3.25E+06,1.70E+06,7.73E+05,5.61E+06,1.99E+06,4.22E+05,3.70E+05,3.94E+06,3.54E+06
sp|Q99460|PSMD1_HUMAN,3.44E+04,0,0,0,0,0,0,8.08E+04,0
sp|Q99496|RING2_HUMAN,9.47E+04,0,0,0,0,0,0,0,0
sp|Q99575|POP1_HUMAN,1.94E+04,3.57E+04,0,2.03E+04,0,0,0,0,0
sp|Q99578|RIT2_HUMAN,0,0,0,0,2.60E+06,0,2.19E+06,0,0
sp|Q99590|SCAFB_HUMAN,0,0,0,0,0,0,0,1.19E+04,0
sp|Q99613|EIF3C_HUMAN,7.58E+05,2.40E+05,0,3.86E+05,1.42E+05,1.24E+05,0,5.84E+05,3.54E+05
sp|Q99615|DNJC7_HUMAN,4.95E+04,0,0,0,0,0,0,4.31E+04,0
sp|Q99623|PHB2_HUMAN,7.55E+05,1.32E+06,1.08E+05,3.13E+05,0,3.66E+05,0,3.58E+05,3.63E+05
sp|Q99627|CSN8_HUMAN,9.95E+04,2.54E+05,0,1.44E+05,0,0,0,8.15E+04,1.33E+05
sp|Q99700|ATX2_HUMAN,0,0,0,2.40E+04,0,0,0,0,0
sp|Q99707|METH_HUMAN,0,0,0,0,0,0,0,0,0
sp|Q99729|ROAA_HUMAN,2.66E+05,4.33E+05,0,1.75E+05,1.69E+04,1.22E+06,0,5.02E+05,7.22E+04
sp|Q99733|NP1L4_HUMAN,7.49E+04,3.17E+04,0,0,0,0,0,0,0
sp|Q99829|CPNE1_HUMAN,7.10E+04,4.79E+05,0,0,0,0,0,6.09E+05,6.97E+05
sp|Q99832|TCPH_HUMAN,1.17E+06,1.30E+06,1.12E+05,1.77E+06,4.97E+04,0,1.41E+05,1.83E+06,1.18E+06
sp|Q99848|EBP2_HUMAN,1.13E+05,1.68E+05,0,1.25E+05,0,0,0,3.08E+04,0
sp|Q99880|H2B1L_HUMAN,0,0,0,0,0,0,0,0,0
sp|Q9BQ04|RBM4B_HUMAN,1.43E+05,1.40E+05,0,1.18E+05,0,0,0,5.86E+04,0
sp|Q9BQ39|DDX50_HUMAN,1.36E+05,1.70E+05,0,3.92E+05,0,0,0,4.22E+04,1.94E+04
sp|Q9BQE3|TBA1C_HUMAN,0,1.56E+04,0,0,0,0,0,5.21E+04,0
sp|Q9BRD0|BUD13_HUMAN,2.69E+05,2.04E+05,2.24E+03,1.93E+05,0,0,0,1.22E+05,9.71E+04
sp|Q9BRJ7|TIRR_HUMAN,3.89E+04,2.21E+05,5.69E+04,0,0,0,0,0,0
sp|Q9BRL6|SRSF8_HUMAN,0,0,0,0,0,0,0,0,0
sp|Q9BRR8|GPTC1_HUMAN,0,0,0,3.89E+04,0,0,0,0,0
sp|Q9BRX9|WDR83_HUMAN,0,0,1.45E+04,2.66E+05,0,0,0,0,8.87E+04
sp|Q9BSD7|NTPCR_HUMAN,0,1.03E+05,0,0,0,6.57E+04,0,8.73E+04,7.87E+04
sp|Q9BT78|CSN4_HUMAN,1.24E+05,5.66E+04,0,6.61E+04,0,0,0,5.89E+04,4.71E+04
sp|Q9BTD8|RBM42_HUMAN,1.01E+05,7.15E+04,0,1.12E+05,0,1.31E+05,0,1.52E+05,5.75E+04
sp|Q9BU76|MMTA2_HUMAN,3.81E+05,5.00E+05,0,4.83E+05,2.80E+04,5.20E+04,0,2.80E+05,1.38E+05
sp|Q9BUJ2|HNRL1_HUMAN,1.06E+06,8.03E+05,3.74E+05,1.48E+06,5.42E+05,3.21E+05,0,1.54E+05,1.22E+05
sp|Q9BUQ8|DDX23_HUMAN,4.37E+05,2.48E+05,0,4.87E+05,7.39E+03,0,0,5.31E+05,2.15E+05
sp|Q9BV38|WDR18_HUMAN,5.67E+04,0,0,0,0,0,0,1.13E+05,3.03E+04
sp|Q9BVJ6|UT14A_HUMAN,5.35E+04,6.41E+04,0,3.18E+05,0,1.40E+04,0,0,4.55E+04
sp|Q9BVK6|TMED9_HUMAN,0,4.39E+04,0,0,0,0,0,4.50E+04,0
sp|Q9BVP2|GNL3_HUMAN,4.12E+06,7.71E+06,1.47E+06,1.21E+07,4.24E+06,3.83E+06,2.59E+04,1.56E+06,5.64E+05
sp|Q9BW27|NUP85_HUMAN,8.65E+04,4.90E+04,0,2.63E+04,1.70E+04,1.83E+04,0,6.55E+04,2.07E+04
sp|Q9BWF3|RBM4_HUMAN,4.46E+05,4.85E+05,0,4.89E+05,1.67E+04,0,0,4.78E+05,4.08E+05
sp|Q9BWJ5|SF3B5_HUMAN,2.98E+05,0,0,3.30E+05,0,0,0,3.11E+05,7.70E+05
sp|Q9BX10|GTPB2_HUMAN,0,2.91E+04,0,0,0,0,0,0,0
sp|Q9BXJ9|NAA15_HUMAN,2.28E+05,9.46E+04,0,2.15E+05,0,0,0,2.28E+05,4.83E+04
sp|Q9BXP5|SRRT_HUMAN,6.89E+05,5.51E+05,0,5.65E+05,4.48E+05,1.06E+06,0,1.14E+06,4.73E+05
sp|Q9BXS5|AP1M1_HUMAN,0,0,0,0,0,8.97E+04,0,8.16E+04,0
sp|Q9BY32|ITPA_HUMAN,7.87E+04,0,0,0,1.72E+05,6.05E+04,0,0,0
sp|Q9BY44|EIF2A_HUMAN,5.08E+05,2.03E+05,0,2.30E+05,0,0,0,1.75E+05,3.24E+04
sp|Q9BY77|PDIP3_HUMAN,1.01E+06,6.35E+05,0,1.01E+06,1.08E+05,2.74E+05,8.56E+04,8.79E+05,9.50E+05
sp|Q9BYD1|RM13_HUMAN,2.25E+06,0,0,0,0,0,0,8.45E+04,1.27E+06
sp|Q9BYD3|RM04_HUMAN,3.66E+04,0,0,7.85E+04,0,0,0,0,5.95E+04
sp|Q9BYE7|PCGF6_HUMAN,4.95E+04,7.89E+04,0,0,6.37E+04,0,3.43E+04,0,0
sp|Q9BYG3|MK67I_HUMAN,1.48E+06,3.23E+06,3.00E+05,3.11E+06,0,3.66E+05,1.71E+05,1.94E+06,1.94E+06
sp|Q9BYN8|RT26_HUMAN,3.13E+05,2.34E+05,0,3.34E+05,0,0,0,3.72E+05,2.35E+05
sp|Q9BZE1|RM37_HUMAN,0,0,0,3.91E+05,0,0,0,3.36E+04,0
sp|Q9BZE4|NOG1_HUMAN,1.30E+06,1.84E+06,3.02E+05,2.31E+06,4.64E+05,8.19E+03,0,2.00E+05,1.57E+05
sp|Q9BZI7|REN3B_HUMAN,1.73E+05,0,0,1.86E+05,0,0,0,1.71E+05,7.52E+04
sp|Q9BZJ0|CRNL1_HUMAN,3.24E+05,3.62E+05,0,9.30E+05,2.13E+05,0,0,9.28E+05,7.35E+05
sp|Q9BZK7|TBL1R_HUMAN,3.70E+04,5.35E+04,0,3.15E+04,2.59E+04,3.44E+04,0,0,0
sp|Q9BZL1|UBL5_HUMAN,0,0,0,0,0,0,6.97E+04,2.32E+05,2.16E+05
sp|Q9BZM5|ULBP2_HUMAN,0,0,0,8.98E+04,0,0,0,4.17E+04,0
sp|Q9BZZ5|API5_HUMAN,4.53E+05,5.72E+05,0,4.73E+05,0,1.30E+04,0,5.78E+05,5.15E+05
sp|Q9C098|DCLK3_HUMAN,7.18E+04,0,0,0,0,0,0,0,0
sp|Q9C0J8|WDR33_HUMAN,8.42E+04,5.41E+04,0,1.07E+05,0,0,0,4.95E+04,0
sp|Q9GZL7|WDR12_HUMAN,4.80E+04,6.28E+04,0,0,0,0,0,0,6.07E+04
sp|Q9GZR7|DDX24_HUMAN,2.97E+04,1.48E+04,0,1.19E+04,0,0,0,5.27E+03,0
sp|Q9GZS1|RPA49_HUMAN,7.32E+04,2.80E+04,3.92E+04,0,7.75E+04,0,2.81E+04,0,0
sp|Q9GZT3|SLIRP_HUMAN,1.23E+06,6.48E+05,0,2.54E+06,0,0,0,2.17E+06,2.49E+06
sp|Q9H0D6|XRN2_HUMAN,8.51E+05,3.03E+05,4.20E+03,8.87E+05,1.58E+04,2.72E+05,2.19E+05,1.74E+06,2.35E+06
sp|Q9H0S4|DDX47_HUMAN,1.13E+05,1.74E+05,0,0,0,0,0,5.05E+04,0
sp|Q9H0U4|RAB1B_HUMAN,1.59E+05,0,0,1.66E+05,0,9.17E+04,0,0,5.17E+04
sp|Q9H2H8|PPIL3_HUMAN,0,0,0,0,0,0,0,1.85E+05,0
sp|Q9H2U1|DHX36_HUMAN,1.21E+05,3.11E+05,0,3.66E+05,0,4.02E+04,0,6.06E+04,8.47E+03
sp|Q9H307|PININ_HUMAN,1.69E+05,1.16E+05,0,1.31E+05,0,0,0,3.45E+05,4.45E+05
sp|Q9H501|ESF1_HUMAN,0,0,0,0,0,0,0,0,2.56E+04
sp|Q9H5Z1|DHX35_HUMAN,3.31E+04,3.51E+04,0,1.40E+05,0,0,0,0,0
sp|Q9H6F5|CCD86_HUMAN,2.90E+05,4.93E+05,0,1.51E+06,0,1.68E+05,0,1.37E+06,0
sp|Q9H6R0|DHX33_HUMAN,7.66E+04,2.14E+05,0,6.45E+05,0,1.73E+05,0,0,0
sp|Q9H6S0|YTDC2_HUMAN,8.76E+03,1.02E+04,0,0,0,0,0,0,0
sp|Q9H7B2|RPF2_HUMAN,0,0,0,2.06E+05,0,0,0,0,0
sp|Q9H7N4|SFR19_HUMAN,0,0,0,4.70E+04,0,0,0,3.35E+04,1.64E+04
sp|Q9H7Z3|NRDE2_HUMAN,2.28E+04,0,0,1.33E+04,0,0,0,1.05E+04,1.00E+04
sp|Q9H8G2|CAAP1_HUMAN,1.59E+05,1.37E+05,0,7.55E+04,0,0,0,7.44E+04,2.70E+05
sp|Q9H8Y8|GORS2_HUMAN,1.15E+05,4.90E+04,0,7.23E+04,0,0,0,8.35E+04,0
sp|Q9H930|SP14L_HUMAN,0,5.38E+05,0,0,0,0,0,0,0
sp|Q9H9B4|SFXN1_HUMAN,4.52E+05,4.78E+05,0,2.29E+05,0,0,0,4.61E+05,2.97E+05
sp|Q9H9J2|RM44_HUMAN,0,4.81E+04,0,1.57E+05,0,0,0,0,0
sp|Q9H9L3|I20L2_HUMAN,0,0,0,1.29E+05,0,0,0,0,0
sp|Q9H9Y2|RPF1_HUMAN,1.94E+05,3.66E+05,0,7.24E+05,0,8.84E+04,0,0,0
sp|Q9HAH7|FBRS_HUMAN,0,0,0,0,0,0,0,0,0
sp|Q9HB71|CYBP_HUMAN,8.21E+05,1.04E+06,0,3.15E+05,8.71E+05,0,0,9.25E+05,1.57E+06
sp|Q9HBH9|MKNK2_HUMAN,0,0,0,0,0,0,0,0,3.18E+05
sp|Q9HCE1|MOV10_HUMAN,1.07E+05,1.29E+05,0,1.52E+05,0,0,0,3.13E+04,2.40E+04
sp|Q9HCJ3|RAVR2_HUMAN,0,0,0,0,0,2.45E+04,0,0,0
sp|Q9HCM4|E41L5_HUMAN,4.12E+04,4.78E+04,0,1.30E+05,0,0,0,3.64E+04,4.37E+04
sp|Q9HCN4|GPN1_HUMAN,0,4.73E+04,0,0,2.67E+04,0,0,0,4.08E+04
sp|Q9HCS7|SYF1_HUMAN,5.16E+05,3.13E+05,0,6.33E+05,0,0,0,5.86E+05,6.08E+05
sp|Q9HCY8|S10AE_HUMAN,0,0,0,0,0,0,0,3.42E+05,0
sp|Q9HD33|RM47_HUMAN,7.53E+04,4.48E+04,0,0,0,0,0,4.36E+04,0
sp|Q9NP64|NO40_HUMAN,1.07E+05,1.80E+05,0,2.18E+05,0,1.52E+05,0,1.35E+05,2.46E+05
sp|Q9NP77|SSU72_HUMAN,0,0,0,3.10E+05,0,0,7.23E+04,1.87E+05,0
sp|Q9NP79|VTA1_HUMAN,0,0,0,0,0,6.28E+04,0,0,0
sp|Q9NPA8|ENY2_HUMAN,0,1.70E+05,0,0,0,0,0,0,0
sp|Q9NPD3|EXOS4_HUMAN,0,0,0,0,0,6.31E+04,0,0,0
sp|Q9NPE3|NOP10_HUMAN,0,0,0,3.01E+05,0,0,0,0,0
sp|Q9NQ29|LUC7L_HUMAN,1.74E+04,1.23E+05,0,3.88E+04,0,0,0,0,0
sp|Q9NQG5|RPR1B_HUMAN,1.45E+06,1.10E+06,0,8.47E+05,6.01E+04,0,0,1.22E+06,9.27E+05
sp|Q9NQT5|EXOS3_HUMAN,5.31E+05,1.47E+05,8.00E+04,2.93E+05,2.58E+05,3.06E+05,9.90E+04,3.75E+05,2.00E+05
sp|Q9NQZ5|STAR7_HUMAN,0,0,0,0,0,0,0,0,0
sp|Q9NR30|DDX21_HUMAN,8.78E+05,4.18E+05,0,1.57E+06,6.87E+05,2.86E+05,0,2.32E+05,2.07E+05
sp|Q9NR31|SAR1A_HUMAN,0,5.84E+04,0,6.39E+04,0,0,0,1.15E+05,0
sp|Q9NR56|MBNL1_HUMAN,0,1.05E+05,0,8.14E+04,0,0,0,1.18E+05,1.51E+05
sp|Q9NS69|TOM22_HUMAN,3.54E+06,3.26E+06,9.41E+05,2.06E+06,5.91E+05,1.72E+06,1.18E+06,1.93E+06,1.98E+06
sp|Q9NS87|KIF15_HUMAN,0,0,0,0,0,0,0,0,5.33E+04
sp|Q9NSI2|F207A_HUMAN,2.65E+05,1.31E+05,0,3.69E+05,7.48E+04,0,0,2.41E+05,1.10E+05
sp|Q9NTJ3|SMC4_HUMAN,0,7.27E+03,0,0,0,0,0,1.16E+04,1.04E+04
sp|Q9NUL3|STAU2_HUMAN,5.15E+04,0,0,2.48E+04,0,0,0,0,0
sp|Q9NVH1|DJC11_HUMAN,0,0,0,0,2.83E+04,2.14E+04,0,0,0
sp|Q9NVI7|ATD3A_HUMAN,6.22E+04,9.15E+04,0,5.40E+04,0,0,0,9.39E+04,8.82E+04
sp|Q9NVN8|GNL3L_HUMAN,1.66E+05,0,0,6.30E+04,0,0,0,3.73E+04,0
sp|Q9NVP1|DDX18_HUMAN,6.49E+04,1.04E+05,0,0,0,0,0,0,0
sp|Q9NVV4|PAPD1_HUMAN,2.33E+04,5.74E+04,0,5.00E+04,0,0,0,0,0
sp|Q9NW13|RBM28_HUMAN,1.08E+05,3.37E+04,0,1.75E+05,0,1.02E+05,0,4.26E+04,6.47E+04
sp|Q9NW64|RBM22_HUMAN,1.13E+06,5.18E+05,1.31E+05,1.31E+06,4.67E+05,3.45E+05,1.66E+05,1.06E+06,1.13E+06
sp|Q9NWB6|ARGL1_HUMAN,4.05E+06,3.46E+06,0,4.42E+06,4.73E+06,3.32E+05,1.01E+06,1.45E+06,1.79E+06
sp|Q9NWH9|SLTM_HUMAN,1.43E+05,7.24E+04,3.22E+04,1.29E+05,4.57E+04,1.60E+05,2.80E+04,8.17E+04,6.94E+04
sp|Q9NWQ8|PHAG1_HUMAN,1.47E+06,1.15E+06,0,1.24E+06,0,6.52E+05,0,1.20E+06,2.70E+05
sp|Q9NWU5|RM22_HUMAN,1.98E+05,2.21E+05,0,2.96E+05,0,0,0,7.17E+04,7.33E+04
sp|Q9NX58|LYAR_HUMAN,3.27E+06,1.52E+06,1.47E+06,5.70E+06,1.46E+06,1.54E+06,0,1.39E+06,6.84E+05
sp|Q9NX63|MIC19_HUMAN,1.73E+05,1.15E+05,0,6.00E+04,0,0,0,2.71E+05,2.15E+05
sp|Q9NXV6|CARF_HUMAN,1.54E+04,8.84E+04,9.94E+03,8.99E+04,4.12E+04,3.50E+04,2.17E+04,9.63E+04,1.05E+05
sp|Q9NYF8|BCLF1_HUMAN,4.48E+04,6.57E+04,0,1.79E+04,2.19E+03,0,0,6.65E+04,1.06E+05
sp|Q9NZB2|F120A_HUMAN,1.20E+05,4.47E+04,0,2.99E+04,0,4.07E+04,0,8.39E+04,0
sp|Q9NZI8|IF2B1_HUMAN,4.07E+06,4.41E+06,1.71E+06,3.79E+06,2.18E+06,1.08E+06,9.47E+04,2.90E+06,2.46E+06
sp|Q9NZM5|NOP53_HUMAN,1.94E+06,1.52E+06,7.51E+03,2.56E+06,4.42E+04,5.59E+05,0,1.06E+05,2.24E+05
sp|Q9NZT1|CALL5_HUMAN,2.85E+05,2.28E+05,1.37E+05,7.67E+05,0,2.85E+05,1.18E+05,4.76E+05,2.58E+05
sp|Q9P013|CWC15_HUMAN,1.22E+05,4.46E+05,0,7.78E+05,1.24E+04,0,0,6.06E+05,6.66E+05
sp|Q9P015|RM15_HUMAN,8.76E+04,0,0,0,1.67E+04,4.20E+04,0,0,0
sp|Q9P031|TAP26_HUMAN,1.21E+06,1.62E+06,0,1.98E+06,0,1.22E+06,0,1.34E+06,9.29E+05
sp|Q9P035|HACD3_HUMAN,0,5.62E+04,0,0,0,0,0,5.18E+04,0
sp|Q9P0M6|H2AW_HUMAN,6.62E+04,2.14E+05,0,9.89E+04,0,0,0,0,0
sp|Q9P275|UBP36_HUMAN,0,0,0,7.67E+04,0,0,0,0,0
sp|Q9P289|STK26_HUMAN,0,0,0,0,0,0,0,0,0
sp|Q9P296|C5AR2_HUMAN,0,2.23E+05,0,0,0,0,0,0,0
sp|Q9P2E9|RRBP1_HUMAN,6.33E+03,9.21E+04,0,9.96E+03,0,0,0,0,2.63E+04
sp|Q9P2I0|CPSF2_HUMAN,6.22E+05,2.64E+05,4.02E+04,5.80E+05,0,0,0,5.25E+05,4.91E+05
sp|Q9P2J5|SYLC_HUMAN,2.83E+05,1.55E+05,0,3.88E+05,0,0,7.68E+03,3.44E+05,1.83E+05
sp|Q9P2K5|MYEF2_HUMAN,1.76E+05,5.18E+04,1.36E+04,3.64E+05,0,9.80E+03,0,0,2.92E+04
sp|Q9P2N5|RBM27_HUMAN,0,0,0,0,0,0,0,0,0
sp|Q9UBB9|TFP11_HUMAN,7.15E+04,3.40E+04,0,1.16E+05,0,0,0,1.97E+04,8.63E+04
sp|Q9UBM7|DHCR7_HUMAN,0,0,0,0,0,0,0,0,0
sp|Q9UBQ5|EIF3K_HUMAN,1.09E+06,7.52E+05,0,9.60E+05,0,0,0,9.27E+05,2.60E+05
sp|Q9UBU9|NXF1_HUMAN,3.39E+04,2.21E+04,0,0,0,0,0,3.26E+04,0
sp|Q9UBW8|CSN7A_HUMAN,1.74E+05,7.03E+04,0,0,0,0,0,0,0
sp|Q9UEY8|ADDG_HUMAN,1.84E+04,4.14E+04,0,0,0,0,0,2.86E+04,5.68E+04
sp|Q9UG63|ABCF2_HUMAN,2.51E+04,0,0,1.72E+04,0,0,0,1.86E+04,0
sp|Q9UGY1|NOL12_HUMAN,0,2.10E+06,0,5.41E+06,0,0,0,2.13E+06,3.72E+05
sp|Q9UHA3|RLP24_HUMAN,2.96E+05,3.52E+05,0,2.04E+05,0,0,0,0,0
sp|Q9UHA4|LTOR3_HUMAN,2.94E+05,0,0,1.50E+05,0,0,0,0,0
sp|Q9UHB9|SRP68_HUMAN,0,0,0,0,0,0,0,0,0
sp|Q9UHD1|CHRD1_HUMAN,1.12E+05,0,2.66E+04,3.70E+04,0,6.37E+04,0,1.06E+05,0
sp|Q9UHR5|S30BP_HUMAN,4.95E+04,1.01E+05,0,0,0,0,0,4.58E+04,0
sp|Q9UHX1|PUF60_HUMAN,2.67E+06,4.67E+06,1.08E+06,3.90E+06,1.18E+04,2.27E+05,6.73E+05,3.85E+06,3.63E+06
sp|Q9UI12|VATH_HUMAN,0,0,0,0,0,0,0,3.10E+04,0
sp|Q9UJS0|CMC2_HUMAN,8.78E+04,7.87E+04,0,0,0,0,0,1.20E+05,3.92E+04
sp|Q9UJV9|DDX41_HUMAN,2.13E+06,1.57E+06,4.44E+05,4.81E+06,7.56E+05,7.10E+05,3.87E+05,2.40E+06,3.65E+06
sp|Q9UJZ1|STML2_HUMAN,4.75E+05,5.93E+05,0,6.13E+05,0,4.12E+05,0,4.03E+05,1.06E+06
sp|Q9UKA9|PTBP2_HUMAN,1.02E+05,3.18E+04,0,7.78E+04,0,5.23E+04,0,3.50E+04,0
sp|Q9UKB1|FBW1B_HUMAN,0,2.12E+04,0,0,0,0,0,0,0
sp|Q9UKF6|CPSF3_HUMAN,4.20E+04,1.89E+05,0,2.02E+05,0,3.67E+04,0,3.86E+05,3.37E+05
sp|Q9UKM9|RALY_HUMAN,3.08E+06,2.66E+06,2.68E+04,1.93E+06,5.79E+05,1.32E+06,2.61E+05,2.75E+06,2.36E+06
sp|Q9UKV3|ACINU_HUMAN,1.39E+04,4.76E+04,0,1.30E+05,0,4.20E+04,0,3.63E+05,5.35E+04
sp|Q9UKX7|NUP50_HUMAN,0,3.60E+04,0,3.04E+04,0,0,0,6.66E+04,0
sp|Q9UL25|RAB21_HUMAN,5.27E+04,7.46E+04,0,6.06E+04,0,2.49E+04,1.06E+04,2.55E+04,0
sp|Q9UL40|ZN346_HUMAN,6.35E+06,6.83E+06,9.48E+05,1.07E+06,0,0,0,1.36E+05,9.90E+04
sp|Q9ULR0|ISY1_HUMAN,1.48E+05,0,0,3.29E+05,0,0,0,2.86E+05,2.98E+05
sp|Q9ULW3|ABT1_HUMAN,1.76E+05,1.92E+05,0,2.92E+05,0,0,0,0,1.73E+05
sp|Q9ULX6|AKP8L_HUMAN,1.79E+05,6.74E+04,0,1.10E+05,0,0,0,1.56E+05,4.91E+04
sp|Q9UMD9|COHA1_HUMAN,0,0,0,0,0,2.52E+05,0,0,0
sp|Q9UMS4|PRP19_HUMAN,1.48E+07,9.99E+06,2.79E+06,1.72E+07,9.93E+06,4.80E+06,3.75E+06,7.09E+06,1.04E+07
sp|Q9UN81|LORF1_HUMAN,0,0,0,6.06E+04,0,0,0,5.12E+04,3.61E+04
sp|Q9UN86|G3BP2_HUMAN,3.21E+04,0,0,2.54E+05,0,0,0,5.04E+04,0
sp|Q9UNL2|SSRG_HUMAN,2.20E+05,3.84E+05,0,0,0,0,0,1.83E+05,3.27E+05
sp|Q9UNM6|PSD13_HUMAN,1.35E+05,1.13E+05,4.14E+04,3.07E+04,0,6.70E+05,0,1.18E+05,0
sp|Q9UNP9|PPIE_HUMAN,1.93E+05,2.57E+05,0,3.29E+05,0,0,0,2.11E+05,1.64E+05
sp|Q9UNS2|CSN3_HUMAN,4.53E+04,2.55E+05,0,1.12E+05,0,0,0,8.19E+04,6.13E+04
sp|Q9UNX3|RL26L_HUMAN,1.22E+07,1.29E+07,8.81E+06,3.58E+06,0,5.85E+06,1.22E+06,0,0
sp|Q9UPY3|DICER_HUMAN,4.78E+04,7.52E+04,0,0,0,0,0,0,0
sp|Q9UQ35|SRRM2_HUMAN,9.14E+04,8.36E+04,0,6.58E+04,0,0,0,6.36E+04,8.42E+04
sp|Q9Y224|RTRAF_HUMAN,4.69E+05,6.20E+05,0,8.12E+05,0,0,0,2.01E+05,1.94E+05
sp|Q9Y230|RUVB2_HUMAN,1.97E+06,1.03E+06,0,1.04E+06,1.00E+04,1.46E+05,4.49E+04,1.83E+06,7.33E+05
sp|Q9Y241|HIG1A_HUMAN,5.48E+05,9.27E+05,3.01E+05,7.25E+05,0,4.93E+05,3.27E+05,7.99E+05,4.18E+05
sp|Q9Y262|EIF3L_HUMAN,1.24E+06,9.68E+05,0,1.21E+06,0,3.34E+04,0,1.29E+06,7.81E+05
sp|Q9Y265|RUVB1_HUMAN,2.26E+06,1.03E+06,1.20E+04,1.41E+06,5.64E+03,2.33E+04,0,2.48E+06,7.79E+05
sp|Q9Y266|NUDC_HUMAN,9.19E+04,1.03E+05,0,0,0,0,0,3.72E+04,0
sp|Q9Y277|VDAC3_HUMAN,4.63E+05,3.91E+05,2.52E+05,4.85E+05,1.54E+05,0,1.23E+05,7.11E+05,2.23E+05
sp|Q9Y291|RT33_HUMAN,9.17E+05,7.60E+05,0,9.08E+05,7.53E+05,6.58E+05,0,5.76E+05,2.77E+05
sp|Q9Y295|DRG1_HUMAN,8.08E+05,5.13E+05,0,6.21E+05,0,0,0,6.07E+05,4.47E+05
sp|Q9Y2H1|ST38L_HUMAN,5.64E+04,1.40E+05,0,1.52E+05,0,0,0,7.49E+04,0
sp|Q9Y2J2|E41L3_HUMAN,1.49E+04,0,0,0,0,0,0,4.16E+04,0
sp|Q9Y2L1|RRP44_HUMAN,1.33E+05,9.39E+04,0,8.52E+04,0,0,0,2.42E+05,2.68E+04
sp|Q9Y2P8|RCL1_HUMAN,0,0,0,6.69E+04,0,0,0,0,0
sp|Q9Y2Q9|RT28_HUMAN,2.88E+05,4.37E+04,7.85E+04,1.40E+05,0,0,0,2.17E+05,2.52E+05
sp|Q9Y2R4|DDX52_HUMAN,0,0,0,3.50E+04,0,0,0,0,0
sp|Q9Y2R5|RT17_HUMAN,9.73E+05,1.15E+06,2.34E+05,1.37E+06,0,6.37E+05,2.12E+05,1.45E+06,6.59E+05
sp|Q9Y2R9|RT07_HUMAN,2.90E+05,3.42E+05,0,1.89E+05,0,0,0,3.13E+05,2.56E+05
sp|Q9Y2W1|TR150_HUMAN,8.46E+04,1.20E+05,0,2.81E+05,0,0,0,3.53E+04,3.65E+04
sp|Q9Y2W2|WBP11_HUMAN,2.45E+04,2.03E+04,0,0,0,0,0,7.04E+04,7.45E+04
sp|Q9Y2X3|NOP58_HUMAN,1.74E+05,1.37E+05,0,1.39E+05,0,1.30E+05,0,8.94E+04,3.98E+04
sp|Q9Y2Z0|SGT1_HUMAN,5.09E+05,4.23E+05,2.82E+04,3.03E+05,2.17E+05,1.85E+05,1.09E+05,2.48E+05,2.68E+05
sp|Q9Y2Z4|SYYM_HUMAN,0,0,0,3.72E+04,0,0,0,2.63E+04,0
sp|Q9Y333|LSM2_HUMAN,1.02E+05,2.62E+05,0,0,0,0,0,2.11E+05,3.67E+05
sp|Q9Y383|LC7L2_HUMAN,8.77E+04,2.15E+05,0,0,0,0,0,8.89E+04,0
sp|Q9Y388|RBMX2_HUMAN,2.61E+05,3.02E+05,0,4.13E+05,5.89E+04,0,0,6.33E+04,0
sp|Q9Y399|RT02_HUMAN,0,1.98E+05,0,0,0,0,0,0,0
sp|Q9Y3A5|SBDS_HUMAN,0,0,0,3.75E+04,0,7.12E+04,0,0,0
sp|Q9Y3B4|SF3B6_HUMAN,1.07E+07,2.67E+06,4.68E+06,5.53E+06,1.96E+06,1.14E+05,6.76E+06,4.74E+06,8.86E+06
sp|Q9Y3B7|RM11_HUMAN,7.30E+04,6.68E+04,0,0,0,0,0,0,0
sp|Q9Y3C1|NOP16_HUMAN,5.09E+05,3.58E+06,0,1.39E+06,0,0,0,7.39E+05,6.77E+05
sp|Q9Y3C6|PPIL1_HUMAN,0,4.82E+05,0,1.06E+06,0,0,0,5.86E+05,9.58E+05
sp|Q9Y3D3|RT16_HUMAN,4.07E+05,1.34E+05,4.64E+04,3.00E+05,4.19E+04,5.34E+04,3.42E+04,5.82E+05,4.46E+05
sp|Q9Y3D9|RT23_HUMAN,9.41E+04,4.46E+04,0,4.34E+05,0,0,0,1.63E+05,3.75E+05
sp|Q9Y3F4|STRAP_HUMAN,2.00E+05,0,0,1.13E+06,0,0,0,1.29E+06,9.43E+05
sp|Q9Y3I0|RTCB_HUMAN,5.33E+05,5.05E+05,0,5.33E+05,0,0,0,2.61E+05,2.01E+05
sp|Q9Y3U8|RL36_HUMAN,7.94E+05,1.07E+06,0,1.45E+06,0,0,0,1.79E+05,0
sp|Q9Y3Y2|CHTOP_HUMAN,7.03E+05,6.52E+05,1.62E+04,1.42E+06,1.29E+04,4.30E+05,1.70E+04,3.33E+05,6.25E+05
sp|Q9Y450|HBS1L_HUMAN,1.15E+05,1.39E+05,0,1.40E+05,0,0,0,1.15E+05,2.74E+04
sp|Q9Y4F1|FARP1_HUMAN,2.51E+04,2.73E+04,0,4.44E+04,1.97E+04,0,0,5.16E+04,2.94E+04
sp|Q9Y4W2|LAS1L_HUMAN,0,6.17E+04,0,4.69E+04,0,0,0,6.32E+04,3.34E+04
sp|Q9Y4X5|ARI1_HUMAN,0,8.05E+04,0,0,0,5.25E+04,0,2.81E+04,3.04E+04
sp|Q9Y520|PRC2C_HUMAN,7.83E+03,0,0,3.84E+03,0,0,0,0,0
sp|Q9Y580|RBM7_HUMAN,4.76E+04,0,0,0,0,0,0,7.16E+04,0
sp|Q9Y5A9|YTHD2_HUMAN,3.22E+05,2.56E+05,0,2.97E+05,0,0,0,1.48E+05,1.47E+05
sp|Q9Y5B6|PAXB1_HUMAN,2.08E+04,1.61E+04,0,0,0,0,0,0,1.72E+04
sp|Q9Y5K5|UCHL5_HUMAN,1.67E+05,1.49E+05,0,5.90E+04,0,0,0,1.23E+05,0
sp|Q9Y5Q8|TF3C5_HUMAN,7.64E+04,6.14E+04,0,7.69E+04,4.56E+04,1.61E+04,0,3.48E+04,0
sp|Q9Y5Q9|TF3C3_HUMAN,0,3.26E+04,0,0,0,0,0,0,0
sp|Q9Y5S9|RBM8A_HUMAN,2.78E+06,2.02E+06,5.50E+06,4.14E+06,4.81E+06,9.50E+05,6.79E+06,6.48E+06,4.84E+06
sp|Q9Y676|RT18B_HUMAN,1.15E+05,4.97E+05,1.10E+04,8.64E+05,2.99E+05,3.96E+05,0,6.13E+05,4.93E+05
sp|Q9Y6A4|CFA20_HUMAN,1.29E+05,3.11E+05,0,1.23E+05,0,0,0,2.64E+05,2.04E+05
sp|Q9Y6D9|MD1L1_HUMAN,0,0,0,0,0,0,0,7.15E+03,0
sp|Q9Y6E2|BZW2_HUMAN,0,3.33E+04,0,0,0,0,0,0,0
sp|Q9Y6M1|IF2B2_HUMAN,2.63E+05,2.27E+05,0,2.73E+05,0,6.52E+04,6.95E+04,1.07E+05,1.02E+05